id,relation,source,target
0-24florist.com_www.0-24florist.com,r_subdomain,0-24florist.com,www.0-24florist.com
0-24florist.com_23.80.106.67,r_dns_a,0-24florist.com,23.80.106.67
0-24florist.com_REDACTED FOR PRIVACY,r_whois_name,0-24florist.com,REDACTED FOR PRIVACY
www.0-24florist.com_23.80.106.67,r_dns_a,www.0-24florist.com,23.80.106.67
www.0-24florist.com_REDACTED FOR PRIVACY,r_whois_name,www.0-24florist.com,REDACTED FOR PRIVACY
23.80.106.67_23.80.106.0/24,r_cidr,23.80.106.67,23.80.106.0/24
cnjhjxsb.com_23.80.106.67,r_dns_a,cnjhjxsb.com,23.80.106.67
www.cnjhjxsb.com_23.80.106.67,r_dns_a,www.cnjhjxsb.com,23.80.106.67
www.gxnnwd.com_23.80.106.67,r_dns_a,www.gxnnwd.com,23.80.106.67
gxnnwd.com_23.80.106.67,r_dns_a,gxnnwd.com,23.80.106.67
23.80.106.67_AS395954,r_asn,23.80.106.67,AS395954
cnjhjxsb.com_www.cnjhjxsb.com,r_subdomain,cnjhjxsb.com,www.cnjhjxsb.com
gxnnwd.com_www.gxnnwd.com,r_subdomain,gxnnwd.com,www.gxnnwd.com
www.gxnnwd.com_REDACTED FOR PRIVACY,r_whois_name,www.gxnnwd.com,REDACTED FOR PRIVACY
gxnnwd.com_REDACTED FOR PRIVACY,r_whois_name,gxnnwd.com,REDACTED FOR PRIVACY
academiasolma.com_REDACTED FOR PRIVACY,r_whois_name,academiasolma.com,REDACTED FOR PRIVACY
tobie.world_REDACTED FOR PRIVACY,r_whois_name,tobie.world,REDACTED FOR PRIVACY
bliuxue.com_REDACTED FOR PRIVACY,r_whois_name,bliuxue.com,REDACTED FOR PRIVACY
www.bliuxue.com_REDACTED FOR PRIVACY,r_whois_name,www.bliuxue.com,REDACTED FOR PRIVACY
www.slimdoo-shop.com_REDACTED FOR PRIVACY,r_whois_name,www.slimdoo-shop.com,REDACTED FOR PRIVACY
punkfamily.com_REDACTED FOR PRIVACY,r_whois_name,punkfamily.com,REDACTED FOR PRIVACY
2619nv.com_REDACTED FOR PRIVACY,r_whois_name,2619nv.com,REDACTED FOR PRIVACY
www.punkfamily.com_REDACTED FOR PRIVACY,r_whois_name,www.punkfamily.com,REDACTED FOR PRIVACY
1760so.com_REDACTED FOR PRIVACY,r_whois_name,1760so.com,REDACTED FOR PRIVACY
www.worxzilla.com_REDACTED FOR PRIVACY,r_whois_name,www.worxzilla.com,REDACTED FOR PRIVACY
dionysos-systeme.com_REDACTED FOR PRIVACY,r_whois_name,dionysos-systeme.com,REDACTED FOR PRIVACY
pequeahinge.com_REDACTED FOR PRIVACY,r_whois_name,pequeahinge.com,REDACTED FOR PRIVACY
gdhdslc.com_REDACTED FOR PRIVACY,r_whois_name,gdhdslc.com,REDACTED FOR PRIVACY
aftercommunication.com_REDACTED FOR PRIVACY,r_whois_name,aftercommunication.com,REDACTED FOR PRIVACY
www.bluespeartrading.com_REDACTED FOR PRIVACY,r_whois_name,www.bluespeartrading.com,REDACTED FOR PRIVACY
sdleap.com_REDACTED FOR PRIVACY,r_whois_name,sdleap.com,REDACTED FOR PRIVACY
www.gaoxiao555.com_REDACTED FOR PRIVACY,r_whois_name,www.gaoxiao555.com,REDACTED FOR PRIVACY
gaoxiao555.com_REDACTED FOR PRIVACY,r_whois_name,gaoxiao555.com,REDACTED FOR PRIVACY
2490ro.com_REDACTED FOR PRIVACY,r_whois_name,2490ro.com,REDACTED FOR PRIVACY
www.kassel.life_REDACTED FOR PRIVACY,r_whois_name,www.kassel.life,REDACTED FOR PRIVACY
academiasolma.com_www.academiasolma.com,r_subdomain,academiasolma.com,www.academiasolma.com
academiasolma.com_35.209.107.99,r_dns_a,academiasolma.com,35.209.107.99
www.academiasolma.com_academiasolma.com,r_request_jump,www.academiasolma.com,academiasolma.com
academiasolma.com_1be5e443a9b05ec112dfd3b143b5d61247ff5cb09dc102968ab371f13b46dccc,r_cert,academiasolma.com,1be5e443a9b05ec112dfd3b143b5d61247ff5cb09dc102968ab371f13b46dccc
tobie.world_www.tobie.world,r_subdomain,tobie.world,www.tobie.world
www.tobie.world_tobie.world,r_dns_cname,www.tobie.world,tobie.world
tobie.world_34.102.136.180,r_dns_a,tobie.world,34.102.136.180
bliuxue.com_www.bliuxue.com,r_subdomain,bliuxue.com,www.bliuxue.com
bliuxue.com_104.164.39.145,r_dns_a,bliuxue.com,104.164.39.145
bliuxue.com_a1f7216e2ef28a7dc3a20039003ea71edbcfc960304a80a505574a71b30d474a,r_cert,bliuxue.com,a1f7216e2ef28a7dc3a20039003ea71edbcfc960304a80a505574a71b30d474a
www.bliuxue.com_104.164.39.145,r_dns_a,www.bliuxue.com,104.164.39.145
www.bliuxue.com_a1f7216e2ef28a7dc3a20039003ea71edbcfc960304a80a505574a71b30d474a,r_cert,www.bliuxue.com,a1f7216e2ef28a7dc3a20039003ea71edbcfc960304a80a505574a71b30d474a
slimdoo-shop.com_www.slimdoo-shop.com,r_subdomain,slimdoo-shop.com,www.slimdoo-shop.com
www.slimdoo-shop.com_188.130.46.108,r_dns_a,www.slimdoo-shop.com,188.130.46.108
www.slimdoo-shop.com_0ab43b2d314d2168977c2476b28eedb64dc2d5aaeea6cf667fcea79e3075d996,r_cert,www.slimdoo-shop.com,0ab43b2d314d2168977c2476b28eedb64dc2d5aaeea6cf667fcea79e3075d996
www.slimdoo-shop.com_rat2tereeo2ktz0ow5r8@d.o-w-o.info,r_whois_email,www.slimdoo-shop.com,rat2tereeo2ktz0ow5r8@d.o-w-o.info
www.slimdoo-shop.com_5zthy0gskcuu9tvt664e@y.o-w-o.info,r_whois_email,www.slimdoo-shop.com,5zthy0gskcuu9tvt664e@y.o-w-o.info
punkfamily.com_www.punkfamily.com,r_subdomain,punkfamily.com,www.punkfamily.com
punkfamily.com_213.186.33.5,r_dns_a,punkfamily.com,213.186.33.5
punkfamily.com_uxzc3669bbhbl9r7knxj@h.o-w-o.info,r_whois_email,punkfamily.com,uxzc3669bbhbl9r7knxj@h.o-w-o.info
punkfamily.com_9vkm822m41sh354rnt5l@d.o-w-o.info,r_whois_email,punkfamily.com,9vkm822m41sh354rnt5l@d.o-w-o.info
2619nv.com_www.2619nv.com,r_subdomain,2619nv.com,www.2619nv.com
2619nv.com_ns2.v1271.com,r_dns_cname,2619nv.com,ns2.v1271.com
2619nv.com_sgfy.zo002.com,r_dns_cname,2619nv.com,sgfy.zo002.com
2619nv.com_154.213.28.25,r_dns_a,2619nv.com,154.213.28.25
2619nv.com_154.197.4.102,r_dns_a,2619nv.com,154.197.4.102
2619nv.com_9c4ee65120b12d5c7e5fd245ed88fc2e3903b258f58b24f95f5cef9c1d62b3ef,r_cert,2619nv.com,9c4ee65120b12d5c7e5fd245ed88fc2e3903b258f58b24f95f5cef9c1d62b3ef
www.punkfamily.com_213.186.33.5,r_dns_a,www.punkfamily.com,213.186.33.5
www.punkfamily.com_uxzc3669bbhbl9r7knxj@h.o-w-o.info,r_whois_email,www.punkfamily.com,uxzc3669bbhbl9r7knxj@h.o-w-o.info
www.punkfamily.com_9vkm822m41sh354rnt5l@d.o-w-o.info,r_whois_email,www.punkfamily.com,9vkm822m41sh354rnt5l@d.o-w-o.info
1760so.com_www.1760so.com,r_subdomain,1760so.com,www.1760so.com
1760so.com_sf05-8.1760so.com,r_subdomain,1760so.com,sf05-8.1760so.com
1760so.com_ns2.v1271.com,r_dns_cname,1760so.com,ns2.v1271.com
1760so.com_sgfy.zo002.com,r_dns_cname,1760so.com,sgfy.zo002.com
1760so.com_154.213.28.25,r_dns_a,1760so.com,154.213.28.25
1760so.com_154.197.4.102,r_dns_a,1760so.com,154.197.4.102
1760so.com_9c4ee65120b12d5c7e5fd245ed88fc2e3903b258f58b24f95f5cef9c1d62b3ef,r_cert,1760so.com,9c4ee65120b12d5c7e5fd245ed88fc2e3903b258f58b24f95f5cef9c1d62b3ef
worxzilla.com_www.worxzilla.com,r_subdomain,worxzilla.com,www.worxzilla.com
www.worxzilla.com_91.195.241.136,r_dns_a,www.worxzilla.com,91.195.241.136
www.worxzilla.com_REDACTED.FORPRIVACY,r_whois_phone,www.worxzilla.com,REDACTED.FORPRIVACY
dionysos-systeme.com_www.dionysos-systeme.com,r_subdomain,dionysos-systeme.com,www.dionysos-systeme.com
dionysos-systeme.com_54.36.177.104,r_dns_a,dionysos-systeme.com,54.36.177.104
dionysos-systeme.com_1733e71fe0372ec39d86121c18c99ed1a1d6f396d8aba01ed06534a985f84af0,r_cert,dionysos-systeme.com,1733e71fe0372ec39d86121c18c99ed1a1d6f396d8aba01ed06534a985f84af0
dionysos-systeme.com_ky9xln0pxwm1ra35qw4l@s.o-w-o.info,r_whois_email,dionysos-systeme.com,ky9xln0pxwm1ra35qw4l@s.o-w-o.info
dionysos-systeme.com_mfsjj6w2hhd2x7eltfas@k.o-w-o.info,r_whois_email,dionysos-systeme.com,mfsjj6w2hhd2x7eltfas@k.o-w-o.info
pequeahinge.com_www.pequeahinge.com,r_subdomain,pequeahinge.com,www.pequeahinge.com
pequeahinge.com_154.220.86.78,r_dns_a,pequeahinge.com,154.220.86.78
gdhdslc.com_www.gdhdslc.com,r_subdomain,gdhdslc.com,www.gdhdslc.com
gdhdslc.com_221.231.138.11,r_dns_a,gdhdslc.com,221.231.138.11
aftercommunication.com_www.aftercommunication.com,r_subdomain,aftercommunication.com,www.aftercommunication.com
aftercommunication.com_93.191.156.245,r_dns_a,aftercommunication.com,93.191.156.245
aftercommunication.com_4a597f8a3eee49e9f2bc42c6079d9fd53a313d3f62ae4b14c05357cdd197c26d,r_cert,aftercommunication.com,4a597f8a3eee49e9f2bc42c6079d9fd53a313d3f62ae4b14c05357cdd197c26d
aftercommunication.com_info@domain-contact.org,r_whois_email,aftercommunication.com,info@domain-contact.org
bluespeartrading.com_www.bluespeartrading.com,r_subdomain,bluespeartrading.com,www.bluespeartrading.com
www.bluespeartrading.com_74.208.236.9,r_dns_a,www.bluespeartrading.com,74.208.236.9
www.bluespeartrading.com_dataprivacyprotected@1und1.de,r_whois_email,www.bluespeartrading.com,dataprivacyprotected@1und1.de
sdleap.com_www.sdleap.com,r_subdomain,sdleap.com,www.sdleap.com
sdleap.com_23.82.236.109,r_dns_a,sdleap.com,23.82.236.109
gaoxiao555.com_www.gaoxiao555.com,r_subdomain,gaoxiao555.com,www.gaoxiao555.com
www.gaoxiao555.com_154.222.162.42,r_dns_a,www.gaoxiao555.com,154.222.162.42
www.gaoxiao555.com_8c90c1025e5928e64dbe23e126a4b682310fd66e489d26eb3dd97126a18f0612,r_cert,www.gaoxiao555.com,8c90c1025e5928e64dbe23e126a4b682310fd66e489d26eb3dd97126a18f0612
gaoxiao555.com_154.222.162.42,r_dns_a,gaoxiao555.com,154.222.162.42
gaoxiao555.com_8c90c1025e5928e64dbe23e126a4b682310fd66e489d26eb3dd97126a18f0612,r_cert,gaoxiao555.com,8c90c1025e5928e64dbe23e126a4b682310fd66e489d26eb3dd97126a18f0612
2490ro.com_sf58-2.2490ro.com,r_subdomain,2490ro.com,sf58-2.2490ro.com
2490ro.com_www.2490ro.com,r_subdomain,2490ro.com,www.2490ro.com
2490ro.com_sf67-0.2490ro.com,r_subdomain,2490ro.com,sf67-0.2490ro.com
2490ro.com_ns2.v1271.com,r_dns_cname,2490ro.com,ns2.v1271.com
2490ro.com_sgfy.zo002.com,r_dns_cname,2490ro.com,sgfy.zo002.com
2490ro.com_154.213.28.25,r_dns_a,2490ro.com,154.213.28.25
2490ro.com_154.197.4.102,r_dns_a,2490ro.com,154.197.4.102
2490ro.com_9c4ee65120b12d5c7e5fd245ed88fc2e3903b258f58b24f95f5cef9c1d62b3ef,r_cert,2490ro.com,9c4ee65120b12d5c7e5fd245ed88fc2e3903b258f58b24f95f5cef9c1d62b3ef
kassel.life_www.kassel.life,r_subdomain,kassel.life,www.kassel.life
www.kassel.life_52.58.78.16,r_dns_a,www.kassel.life,52.58.78.16
www.kassel.life_kassel.life,r_request_jump,www.kassel.life,kassel.life
www.kassel.life_1964eb34c269ee107687bb646f69436ae535989cb9abf54541e6104e2222fc30,r_cert,www.kassel.life,1964eb34c269ee107687bb646f69436ae535989cb9abf54541e6104e2222fc30
www.academiasolma.com_35.209.107.99,r_dns_a,www.academiasolma.com,35.209.107.99
www.academiasolma.com_1be5e443a9b05ec112dfd3b143b5d61247ff5cb09dc102968ab371f13b46dccc,r_cert,www.academiasolma.com,1be5e443a9b05ec112dfd3b143b5d61247ff5cb09dc102968ab371f13b46dccc
www.academiasolma.com_REDACTED FOR PRIVACY,r_whois_name,www.academiasolma.com,REDACTED FOR PRIVACY
www.tobie.world_34.102.136.180,r_dns_a,www.tobie.world,34.102.136.180
www.tobie.world_REDACTED FOR PRIVACY,r_whois_name,www.tobie.world,REDACTED FOR PRIVACY
slimdoo-shop.com_188.130.46.108,r_dns_a,slimdoo-shop.com,188.130.46.108
slimdoo-shop.com_866522733eb0f97b1a78c5056f6fae4c85e74cdd3ef35f7f51275ade7e7d1433,r_cert,slimdoo-shop.com,866522733eb0f97b1a78c5056f6fae4c85e74cdd3ef35f7f51275ade7e7d1433
slimdoo-shop.com_REDACTED FOR PRIVACY,r_whois_name,slimdoo-shop.com,REDACTED FOR PRIVACY
slimdoo-shop.com_rat2tereeo2ktz0ow5r8@d.o-w-o.info,r_whois_email,slimdoo-shop.com,rat2tereeo2ktz0ow5r8@d.o-w-o.info
slimdoo-shop.com_5zthy0gskcuu9tvt664e@y.o-w-o.info,r_whois_email,slimdoo-shop.com,5zthy0gskcuu9tvt664e@y.o-w-o.info
www.2619nv.com_ns1.v1271.com,r_dns_cname,www.2619nv.com,ns1.v1271.com
www.2619nv.com_sgfe.zo002.com,r_dns_cname,www.2619nv.com,sgfe.zo002.com
www.2619nv.com_154.213.28.25,r_dns_a,www.2619nv.com,154.213.28.25
www.2619nv.com_154.197.5.102,r_dns_a,www.2619nv.com,154.197.5.102
www.2619nv.com_9c4ee65120b12d5c7e5fd245ed88fc2e3903b258f58b24f95f5cef9c1d62b3ef,r_cert,www.2619nv.com,9c4ee65120b12d5c7e5fd245ed88fc2e3903b258f58b24f95f5cef9c1d62b3ef
www.2619nv.com_REDACTED FOR PRIVACY,r_whois_name,www.2619nv.com,REDACTED FOR PRIVACY
v1271.com_ns2.v1271.com,r_subdomain,v1271.com,ns2.v1271.com
7308m.com_ns2.v1271.com,r_dns_cname,7308m.com,ns2.v1271.com
ig519.com_ns2.v1271.com,r_dns_cname,ig519.com,ns2.v1271.com
9079t.com_ns2.v1271.com,r_dns_cname,9079t.com,ns2.v1271.com
ns2.v1271.com_154.213.28.25,r_dns_a,ns2.v1271.com,154.213.28.25
ns2.v1271.com_9c4ee65120b12d5c7e5fd245ed88fc2e3903b258f58b24f95f5cef9c1d62b3ef,r_cert,ns2.v1271.com,9c4ee65120b12d5c7e5fd245ed88fc2e3903b258f58b24f95f5cef9c1d62b3ef
zo002.com_sgfy.zo002.com,r_subdomain,zo002.com,sgfy.zo002.com
7308m.com_sgfy.zo002.com,r_dns_cname,7308m.com,sgfy.zo002.com
ig519.com_sgfy.zo002.com,r_dns_cname,ig519.com,sgfy.zo002.com
9079t.com_sgfy.zo002.com,r_dns_cname,9079t.com,sgfy.zo002.com
di432.com_sgfy.zo002.com,r_dns_cname,di432.com,sgfy.zo002.com
pw402.com_sgfy.zo002.com,r_dns_cname,pw402.com,sgfy.zo002.com
ue026.com_sgfy.zo002.com,r_dns_cname,ue026.com,sgfy.zo002.com
qv049.com_sgfy.zo002.com,r_dns_cname,qv049.com,sgfy.zo002.com
vz417.com_sgfy.zo002.com,r_dns_cname,vz417.com,sgfy.zo002.com
pd945.com_sgfy.zo002.com,r_dns_cname,pd945.com,sgfy.zo002.com
vo825.com_sgfy.zo002.com,r_dns_cname,vo825.com,sgfy.zo002.com
wf640.com_sgfy.zo002.com,r_dns_cname,wf640.com,sgfy.zo002.com
qt145.com_sgfy.zo002.com,r_dns_cname,qt145.com,sgfy.zo002.com
ux855.com_sgfy.zo002.com,r_dns_cname,ux855.com,sgfy.zo002.com
vj781.com_sgfy.zo002.com,r_dns_cname,vj781.com,sgfy.zo002.com
be312.com_sgfy.zo002.com,r_dns_cname,be312.com,sgfy.zo002.com
io133.com_sgfy.zo002.com,r_dns_cname,io133.com,sgfy.zo002.com
www.1760so.com_ns1.v1271.com,r_dns_cname,www.1760so.com,ns1.v1271.com
www.1760so.com_sgfe.zo002.com,r_dns_cname,www.1760so.com,sgfe.zo002.com
www.1760so.com_154.213.28.25,r_dns_a,www.1760so.com,154.213.28.25
www.1760so.com_154.197.5.102,r_dns_a,www.1760so.com,154.197.5.102
www.1760so.com_9c4ee65120b12d5c7e5fd245ed88fc2e3903b258f58b24f95f5cef9c1d62b3ef,r_cert,www.1760so.com,9c4ee65120b12d5c7e5fd245ed88fc2e3903b258f58b24f95f5cef9c1d62b3ef
www.1760so.com_REDACTED FOR PRIVACY,r_whois_name,www.1760so.com,REDACTED FOR PRIVACY
sf05-8.1760so.com_ns1.v1271.com,r_dns_cname,sf05-8.1760so.com,ns1.v1271.com
sf05-8.1760so.com_154.213.28.25,r_dns_a,sf05-8.1760so.com,154.213.28.25
sf05-8.1760so.com_9c4ee65120b12d5c7e5fd245ed88fc2e3903b258f58b24f95f5cef9c1d62b3ef,r_cert,sf05-8.1760so.com,9c4ee65120b12d5c7e5fd245ed88fc2e3903b258f58b24f95f5cef9c1d62b3ef
sf05-8.1760so.com_REDACTED FOR PRIVACY,r_whois_name,sf05-8.1760so.com,REDACTED FOR PRIVACY
worxzilla.com_91.195.241.136,r_dns_a,worxzilla.com,91.195.241.136
worxzilla.com_23cae25a89610062572ece96778d85cdd4964bb82a6dcdabd0b9c1cbaf634de8,r_cert,worxzilla.com,23cae25a89610062572ece96778d85cdd4964bb82a6dcdabd0b9c1cbaf634de8
worxzilla.com_REDACTED FOR PRIVACY,r_whois_name,worxzilla.com,REDACTED FOR PRIVACY
worxzilla.com_REDACTED.FORPRIVACY,r_whois_phone,worxzilla.com,REDACTED.FORPRIVACY
www.dionysos-systeme.com_54.36.177.104,r_dns_a,www.dionysos-systeme.com,54.36.177.104
www.dionysos-systeme.com_1733e71fe0372ec39d86121c18c99ed1a1d6f396d8aba01ed06534a985f84af0,r_cert,www.dionysos-systeme.com,1733e71fe0372ec39d86121c18c99ed1a1d6f396d8aba01ed06534a985f84af0
www.dionysos-systeme.com_REDACTED FOR PRIVACY,r_whois_name,www.dionysos-systeme.com,REDACTED FOR PRIVACY
www.dionysos-systeme.com_ky9xln0pxwm1ra35qw4l@s.o-w-o.info,r_whois_email,www.dionysos-systeme.com,ky9xln0pxwm1ra35qw4l@s.o-w-o.info
www.dionysos-systeme.com_mfsjj6w2hhd2x7eltfas@k.o-w-o.info,r_whois_email,www.dionysos-systeme.com,mfsjj6w2hhd2x7eltfas@k.o-w-o.info
www.pequeahinge.com_154.220.86.78,r_dns_a,www.pequeahinge.com,154.220.86.78
www.pequeahinge.com_REDACTED FOR PRIVACY,r_whois_name,www.pequeahinge.com,REDACTED FOR PRIVACY
www.gdhdslc.com_221.231.138.11,r_dns_a,www.gdhdslc.com,221.231.138.11
www.gdhdslc.com_REDACTED FOR PRIVACY,r_whois_name,www.gdhdslc.com,REDACTED FOR PRIVACY
www.aftercommunication.com_93.191.156.245,r_dns_a,www.aftercommunication.com,93.191.156.245
www.aftercommunication.com_4a597f8a3eee49e9f2bc42c6079d9fd53a313d3f62ae4b14c05357cdd197c26d,r_cert,www.aftercommunication.com,4a597f8a3eee49e9f2bc42c6079d9fd53a313d3f62ae4b14c05357cdd197c26d
www.aftercommunication.com_REDACTED FOR PRIVACY,r_whois_name,www.aftercommunication.com,REDACTED FOR PRIVACY
www.aftercommunication.com_info@domain-contact.org,r_whois_email,www.aftercommunication.com,info@domain-contact.org
bluespeartrading.com_74.208.236.9,r_dns_a,bluespeartrading.com,74.208.236.9
bluespeartrading.com_REDACTED FOR PRIVACY,r_whois_name,bluespeartrading.com,REDACTED FOR PRIVACY
bluespeartrading.com_dataprivacyprotected@1und1.de,r_whois_email,bluespeartrading.com,dataprivacyprotected@1und1.de
www.sdleap.com_23.82.236.109,r_dns_a,www.sdleap.com,23.82.236.109
www.sdleap.com_REDACTED FOR PRIVACY,r_whois_name,www.sdleap.com,REDACTED FOR PRIVACY
sf58-2.2490ro.com_ns1.v1271.com,r_dns_cname,sf58-2.2490ro.com,ns1.v1271.com
sf58-2.2490ro.com_154.213.28.25,r_dns_a,sf58-2.2490ro.com,154.213.28.25
sf58-2.2490ro.com_9c4ee65120b12d5c7e5fd245ed88fc2e3903b258f58b24f95f5cef9c1d62b3ef,r_cert,sf58-2.2490ro.com,9c4ee65120b12d5c7e5fd245ed88fc2e3903b258f58b24f95f5cef9c1d62b3ef
sf58-2.2490ro.com_REDACTED FOR PRIVACY,r_whois_name,sf58-2.2490ro.com,REDACTED FOR PRIVACY
www.2490ro.com_ns1.v1271.com,r_dns_cname,www.2490ro.com,ns1.v1271.com
www.2490ro.com_sgfe.zo002.com,r_dns_cname,www.2490ro.com,sgfe.zo002.com
www.2490ro.com_154.213.28.25,r_dns_a,www.2490ro.com,154.213.28.25
www.2490ro.com_154.197.5.102,r_dns_a,www.2490ro.com,154.197.5.102
www.2490ro.com_9c4ee65120b12d5c7e5fd245ed88fc2e3903b258f58b24f95f5cef9c1d62b3ef,r_cert,www.2490ro.com,9c4ee65120b12d5c7e5fd245ed88fc2e3903b258f58b24f95f5cef9c1d62b3ef
www.2490ro.com_REDACTED FOR PRIVACY,r_whois_name,www.2490ro.com,REDACTED FOR PRIVACY
uk331.com_sgfy.zo002.com,r_dns_cname,uk331.com,sgfy.zo002.com
fb050.com_sgfy.zo002.com,r_dns_cname,fb050.com,sgfy.zo002.com
wp470.com_sgfy.zo002.com,r_dns_cname,wp470.com,sgfy.zo002.com
hl029.com_sgfy.zo002.com,r_dns_cname,hl029.com,sgfy.zo002.com
jo165.com_sgfy.zo002.com,r_dns_cname,jo165.com,sgfy.zo002.com
wp107.com_sgfy.zo002.com,r_dns_cname,wp107.com,sgfy.zo002.com
ev185.com_sgfy.zo002.com,r_dns_cname,ev185.com,sgfy.zo002.com
xt816.com_sgfy.zo002.com,r_dns_cname,xt816.com,sgfy.zo002.com
uo933.com_sgfy.zo002.com,r_dns_cname,uo933.com,sgfy.zo002.com
ut563.com_sgfy.zo002.com,r_dns_cname,ut563.com,sgfy.zo002.com
ah438.com_sgfy.zo002.com,r_dns_cname,ah438.com,sgfy.zo002.com
pl831.com_sgfy.zo002.com,r_dns_cname,pl831.com,sgfy.zo002.com
sv684.com_sgfy.zo002.com,r_dns_cname,sv684.com,sgfy.zo002.com
vp522.com_sgfy.zo002.com,r_dns_cname,vp522.com,sgfy.zo002.com
gf296.com_sgfy.zo002.com,r_dns_cname,gf296.com,sgfy.zo002.com
lz089.com_sgfy.zo002.com,r_dns_cname,lz089.com,sgfy.zo002.com
rz541.com_sgfy.zo002.com,r_dns_cname,rz541.com,sgfy.zo002.com
nf457.com_sgfy.zo002.com,r_dns_cname,nf457.com,sgfy.zo002.com
gq488.com_sgfy.zo002.com,r_dns_cname,gq488.com,sgfy.zo002.com
wn437.com_sgfy.zo002.com,r_dns_cname,wn437.com,sgfy.zo002.com
sf67-0.2490ro.com_sgfe.zo002.com,r_dns_cname,sf67-0.2490ro.com,sgfe.zo002.com
sf67-0.2490ro.com_154.197.5.102,r_dns_a,sf67-0.2490ro.com,154.197.5.102
sebo6666.com_sf67-0.2490ro.com,r_request_jump,sebo6666.com,sf67-0.2490ro.com
kanbo555.com_sf67-0.2490ro.com,r_request_jump,kanbo555.com,sf67-0.2490ro.com
kuaikan556.com_sf67-0.2490ro.com,r_request_jump,kuaikan556.com,sf67-0.2490ro.com
sf67-0.2490ro.com_REDACTED FOR PRIVACY,r_whois_name,sf67-0.2490ro.com,REDACTED FOR PRIVACY
kassel.life_52.58.78.16,r_dns_a,kassel.life,52.58.78.16
kassel.life_dan.com,r_request_jump,kassel.life,dan.com
kassel.life_1964eb34c269ee107687bb646f69436ae535989cb9abf54541e6104e2222fc30,r_cert,kassel.life,1964eb34c269ee107687bb646f69436ae535989cb9abf54541e6104e2222fc30
kassel.life_REDACTED FOR PRIVACY,r_whois_name,kassel.life,REDACTED FOR PRIVACY
v1271.com_ns1.v1271.com,r_subdomain,v1271.com,ns1.v1271.com
sf45-0.9079t.com_ns1.v1271.com,r_dns_cname,sf45-0.9079t.com,ns1.v1271.com
sf47-3.sfyl.good968.cc_ns1.v1271.com,r_dns_cname,sf47-3.sfyl.good968.cc,ns1.v1271.com
sf156-0.7308m.com_ns1.v1271.com,r_dns_cname,sf156-0.7308m.com,ns1.v1271.com
sf45-9.9079t.com_ns1.v1271.com,r_dns_cname,sf45-9.9079t.com,ns1.v1271.com
www.7308m.com_ns1.v1271.com,r_dns_cname,www.7308m.com,ns1.v1271.com
www.ig519.com_ns1.v1271.com,r_dns_cname,www.ig519.com,ns1.v1271.com
www.9079t.com_ns1.v1271.com,r_dns_cname,www.9079t.com,ns1.v1271.com
v1273.com_ns1.v1271.com,r_dns_cname,v1273.com,ns1.v1271.com
c7683.com_ns1.v1271.com,r_dns_cname,c7683.com,ns1.v1271.com
www.c7683.com_ns1.v1271.com,r_dns_cname,www.c7683.com,ns1.v1271.com
sf122-3.sfyl.apdaa.com_ns1.v1271.com,r_dns_cname,sf122-3.sfyl.apdaa.com,ns1.v1271.com
ns1.v1271.com_154.213.28.25,r_dns_a,ns1.v1271.com,154.213.28.25
ns1.v1271.com_5.254.33.39,r_dns_a,ns1.v1271.com,5.254.33.39
ns1.v1271.com_9c4ee65120b12d5c7e5fd245ed88fc2e3903b258f58b24f95f5cef9c1d62b3ef,r_cert,ns1.v1271.com,9c4ee65120b12d5c7e5fd245ed88fc2e3903b258f58b24f95f5cef9c1d62b3ef
zo002.com_sgfe.zo002.com,r_subdomain,zo002.com,sgfe.zo002.com
sf45-9.9079t.com_sgfe.zo002.com,r_dns_cname,sf45-9.9079t.com,sgfe.zo002.com
www.7308m.com_sgfe.zo002.com,r_dns_cname,www.7308m.com,sgfe.zo002.com
www.ig519.com_sgfe.zo002.com,r_dns_cname,www.ig519.com,sgfe.zo002.com
www.9079t.com_sgfe.zo002.com,r_dns_cname,www.9079t.com,sgfe.zo002.com
www.di432.com_sgfe.zo002.com,r_dns_cname,www.di432.com,sgfe.zo002.com
www.qv049.com_sgfe.zo002.com,r_dns_cname,www.qv049.com,sgfe.zo002.com
www.pw402.com_sgfe.zo002.com,r_dns_cname,www.pw402.com,sgfe.zo002.com
www.ue026.com_sgfe.zo002.com,r_dns_cname,www.ue026.com,sgfe.zo002.com
www.vz417.com_sgfe.zo002.com,r_dns_cname,www.vz417.com,sgfe.zo002.com
www.pd945.com_sgfe.zo002.com,r_dns_cname,www.pd945.com,sgfe.zo002.com
www.vo825.com_sgfe.zo002.com,r_dns_cname,www.vo825.com,sgfe.zo002.com
www.wf640.com_sgfe.zo002.com,r_dns_cname,www.wf640.com,sgfe.zo002.com
www.qt145.com_sgfe.zo002.com,r_dns_cname,www.qt145.com,sgfe.zo002.com
www.ux855.com_sgfe.zo002.com,r_dns_cname,www.ux855.com,sgfe.zo002.com
www.vj781.com_sgfe.zo002.com,r_dns_cname,www.vj781.com,sgfe.zo002.com
www.be312.com_sgfe.zo002.com,r_dns_cname,www.be312.com,sgfe.zo002.com
v1271.com_cdn.v1271.com,r_subdomain,v1271.com,cdn.v1271.com
v1271.com_gf.v1271.com,r_subdomain,v1271.com,gf.v1271.com
v1271.com_ns22.v1271.com,r_subdomain,v1271.com,ns22.v1271.com
v1271.com_ns21.v1271.com,r_subdomain,v1271.com,ns21.v1271.com
7308m.com_sf156-0.7308m.com,r_subdomain,7308m.com,sf156-0.7308m.com
7308m.com_www.7308m.com,r_subdomain,7308m.com,www.7308m.com
7308m.com_154.213.28.25,r_dns_a,7308m.com,154.213.28.25
7308m.com_154.197.4.102,r_dns_a,7308m.com,154.197.4.102
7308m.com_9c4ee65120b12d5c7e5fd245ed88fc2e3903b258f58b24f95f5cef9c1d62b3ef,r_cert,7308m.com,9c4ee65120b12d5c7e5fd245ed88fc2e3903b258f58b24f95f5cef9c1d62b3ef
ig519.com_www.ig519.com,r_subdomain,ig519.com,www.ig519.com
ig519.com_154.213.28.25,r_dns_a,ig519.com,154.213.28.25
ig519.com_154.197.4.102,r_dns_a,ig519.com,154.197.4.102
ig519.com_17828cb1f5c08520287226474b1f33eab30d05949227762e155b47f901ed523b,r_cert,ig519.com,17828cb1f5c08520287226474b1f33eab30d05949227762e155b47f901ed523b
9079t.com_sf45-0.9079t.com,r_subdomain,9079t.com,sf45-0.9079t.com
9079t.com_sf45-9.9079t.com,r_subdomain,9079t.com,sf45-9.9079t.com
9079t.com_www.9079t.com,r_subdomain,9079t.com,www.9079t.com
9079t.com_154.213.28.25,r_dns_a,9079t.com,154.213.28.25
9079t.com_154.197.4.102,r_dns_a,9079t.com,154.197.4.102
9079t.com_9c4ee65120b12d5c7e5fd245ed88fc2e3903b258f58b24f95f5cef9c1d62b3ef,r_cert,9079t.com,9c4ee65120b12d5c7e5fd245ed88fc2e3903b258f58b24f95f5cef9c1d62b3ef
di432.com_www.di432.com,r_subdomain,di432.com,www.di432.com
di432.com_154.197.4.102,r_dns_a,di432.com,154.197.4.102
di432.com_17828cb1f5c08520287226474b1f33eab30d05949227762e155b47f901ed523b,r_cert,di432.com,17828cb1f5c08520287226474b1f33eab30d05949227762e155b47f901ed523b
pw402.com_www.pw402.com,r_subdomain,pw402.com,www.pw402.com
pw402.com_154.197.4.102,r_dns_a,pw402.com,154.197.4.102
pw402.com_17828cb1f5c08520287226474b1f33eab30d05949227762e155b47f901ed523b,r_cert,pw402.com,17828cb1f5c08520287226474b1f33eab30d05949227762e155b47f901ed523b
ue026.com_www.ue026.com,r_subdomain,ue026.com,www.ue026.com
ue026.com_154.197.4.102,r_dns_a,ue026.com,154.197.4.102
ue026.com_9c4ee65120b12d5c7e5fd245ed88fc2e3903b258f58b24f95f5cef9c1d62b3ef,r_cert,ue026.com,9c4ee65120b12d5c7e5fd245ed88fc2e3903b258f58b24f95f5cef9c1d62b3ef
qv049.com_www.qv049.com,r_subdomain,qv049.com,www.qv049.com
qv049.com_154.197.4.102,r_dns_a,qv049.com,154.197.4.102
qv049.com_9c4ee65120b12d5c7e5fd245ed88fc2e3903b258f58b24f95f5cef9c1d62b3ef,r_cert,qv049.com,9c4ee65120b12d5c7e5fd245ed88fc2e3903b258f58b24f95f5cef9c1d62b3ef
vz417.com_www.vz417.com,r_subdomain,vz417.com,www.vz417.com
vz417.com_154.197.4.102,r_dns_a,vz417.com,154.197.4.102
vz417.com_9c4ee65120b12d5c7e5fd245ed88fc2e3903b258f58b24f95f5cef9c1d62b3ef,r_cert,vz417.com,9c4ee65120b12d5c7e5fd245ed88fc2e3903b258f58b24f95f5cef9c1d62b3ef
pd945.com_www.pd945.com,r_subdomain,pd945.com,www.pd945.com
pd945.com_154.197.4.102,r_dns_a,pd945.com,154.197.4.102
pd945.com_9c4ee65120b12d5c7e5fd245ed88fc2e3903b258f58b24f95f5cef9c1d62b3ef,r_cert,pd945.com,9c4ee65120b12d5c7e5fd245ed88fc2e3903b258f58b24f95f5cef9c1d62b3ef
vo825.com_www.vo825.com,r_subdomain,vo825.com,www.vo825.com
vo825.com_154.197.4.102,r_dns_a,vo825.com,154.197.4.102
vo825.com_9c4ee65120b12d5c7e5fd245ed88fc2e3903b258f58b24f95f5cef9c1d62b3ef,r_cert,vo825.com,9c4ee65120b12d5c7e5fd245ed88fc2e3903b258f58b24f95f5cef9c1d62b3ef
wf640.com_www.wf640.com,r_subdomain,wf640.com,www.wf640.com
wf640.com_154.197.4.102,r_dns_a,wf640.com,154.197.4.102
wf640.com_9c4ee65120b12d5c7e5fd245ed88fc2e3903b258f58b24f95f5cef9c1d62b3ef,r_cert,wf640.com,9c4ee65120b12d5c7e5fd245ed88fc2e3903b258f58b24f95f5cef9c1d62b3ef
qt145.com_www.qt145.com,r_subdomain,qt145.com,www.qt145.com
qt145.com_154.197.4.102,r_dns_a,qt145.com,154.197.4.102
qt145.com_17828cb1f5c08520287226474b1f33eab30d05949227762e155b47f901ed523b,r_cert,qt145.com,17828cb1f5c08520287226474b1f33eab30d05949227762e155b47f901ed523b
ux855.com_www.ux855.com,r_subdomain,ux855.com,www.ux855.com
ux855.com_154.197.4.102,r_dns_a,ux855.com,154.197.4.102
ux855.com_17828cb1f5c08520287226474b1f33eab30d05949227762e155b47f901ed523b,r_cert,ux855.com,17828cb1f5c08520287226474b1f33eab30d05949227762e155b47f901ed523b
3021s.com_sgfy.zo002.com,r_dns_cname,3021s.com,sgfy.zo002.com
3875h.com_sgfy.zo002.com,r_dns_cname,3875h.com,sgfy.zo002.com
6056g.com_sgfy.zo002.com,r_dns_cname,6056g.com,sgfy.zo002.com
3395i.com_sgfy.zo002.com,r_dns_cname,3395i.com,sgfy.zo002.com
9969f.com_sgfy.zo002.com,r_dns_cname,9969f.com,sgfy.zo002.com
9320b.com_sgfy.zo002.com,r_dns_cname,9320b.com,sgfy.zo002.com
4966g.com_sgfy.zo002.com,r_dns_cname,4966g.com,sgfy.zo002.com
5417q.com_sgfy.zo002.com,r_dns_cname,5417q.com,sgfy.zo002.com
6935v.com_sgfy.zo002.com,r_dns_cname,6935v.com,sgfy.zo002.com
1454u.com_sgfy.zo002.com,r_dns_cname,1454u.com,sgfy.zo002.com
4612k.com_sgfy.zo002.com,r_dns_cname,4612k.com,sgfy.zo002.com
2695x.com_sgfy.zo002.com,r_dns_cname,2695x.com,sgfy.zo002.com
5610f.com_sgfy.zo002.com,r_dns_cname,5610f.com,sgfy.zo002.com
2221w.com_sgfy.zo002.com,r_dns_cname,2221w.com,sgfy.zo002.com
8023j.com_sgfy.zo002.com,r_dns_cname,8023j.com,sgfy.zo002.com
9631c.com_sgfy.zo002.com,r_dns_cname,9631c.com,sgfy.zo002.com
8372k.com_sgfy.zo002.com,r_dns_cname,8372k.com,sgfy.zo002.com
0333j.com_sgfy.zo002.com,r_dns_cname,0333j.com,sgfy.zo002.com
9196f.com_sgfy.zo002.com,r_dns_cname,9196f.com,sgfy.zo002.com
2329r.com_sgfy.zo002.com,r_dns_cname,2329r.com,sgfy.zo002.com
vj781.com_www.vj781.com,r_subdomain,vj781.com,www.vj781.com
vj781.com_17828cb1f5c08520287226474b1f33eab30d05949227762e155b47f901ed523b,r_cert,vj781.com,17828cb1f5c08520287226474b1f33eab30d05949227762e155b47f901ed523b
be312.com_www.be312.com,r_subdomain,be312.com,www.be312.com
be312.com_154.197.4.102,r_dns_a,be312.com,154.197.4.102
be312.com_17828cb1f5c08520287226474b1f33eab30d05949227762e155b47f901ed523b,r_cert,be312.com,17828cb1f5c08520287226474b1f33eab30d05949227762e155b47f901ed523b
io133.com_www.io133.com,r_subdomain,io133.com,www.io133.com
io133.com_154.197.4.102,r_dns_a,io133.com,154.197.4.102
io133.com_17828cb1f5c08520287226474b1f33eab30d05949227762e155b47f901ed523b,r_cert,io133.com,17828cb1f5c08520287226474b1f33eab30d05949227762e155b47f901ed523b
uk331.com_www.uk331.com,r_subdomain,uk331.com,www.uk331.com
uk331.com_154.197.4.102,r_dns_a,uk331.com,154.197.4.102
uk331.com_9c4ee65120b12d5c7e5fd245ed88fc2e3903b258f58b24f95f5cef9c1d62b3ef,r_cert,uk331.com,9c4ee65120b12d5c7e5fd245ed88fc2e3903b258f58b24f95f5cef9c1d62b3ef
fb050.com_www.fb050.com,r_subdomain,fb050.com,www.fb050.com
fb050.com_154.197.4.102,r_dns_a,fb050.com,154.197.4.102
fb050.com_9c4ee65120b12d5c7e5fd245ed88fc2e3903b258f58b24f95f5cef9c1d62b3ef,r_cert,fb050.com,9c4ee65120b12d5c7e5fd245ed88fc2e3903b258f58b24f95f5cef9c1d62b3ef
wp470.com_www.wp470.com,r_subdomain,wp470.com,www.wp470.com
wp470.com_154.197.4.102,r_dns_a,wp470.com,154.197.4.102
wp470.com_9c4ee65120b12d5c7e5fd245ed88fc2e3903b258f58b24f95f5cef9c1d62b3ef,r_cert,wp470.com,9c4ee65120b12d5c7e5fd245ed88fc2e3903b258f58b24f95f5cef9c1d62b3ef
hl029.com_www.hl029.com,r_subdomain,hl029.com,www.hl029.com
hl029.com_154.197.4.102,r_dns_a,hl029.com,154.197.4.102
hl029.com_17828cb1f5c08520287226474b1f33eab30d05949227762e155b47f901ed523b,r_cert,hl029.com,17828cb1f5c08520287226474b1f33eab30d05949227762e155b47f901ed523b
jo165.com_www.jo165.com,r_subdomain,jo165.com,www.jo165.com
jo165.com_154.197.4.102,r_dns_a,jo165.com,154.197.4.102
wp107.com_www.wp107.com,r_subdomain,wp107.com,www.wp107.com
wp107.com_154.197.4.102,r_dns_a,wp107.com,154.197.4.102
wp107.com_9c4ee65120b12d5c7e5fd245ed88fc2e3903b258f58b24f95f5cef9c1d62b3ef,r_cert,wp107.com,9c4ee65120b12d5c7e5fd245ed88fc2e3903b258f58b24f95f5cef9c1d62b3ef
ev185.com_www.ev185.com,r_subdomain,ev185.com,www.ev185.com
ev185.com_154.197.4.102,r_dns_a,ev185.com,154.197.4.102
ev185.com_17828cb1f5c08520287226474b1f33eab30d05949227762e155b47f901ed523b,r_cert,ev185.com,17828cb1f5c08520287226474b1f33eab30d05949227762e155b47f901ed523b
xt816.com_www.xt816.com,r_subdomain,xt816.com,www.xt816.com
xt816.com_154.197.4.102,r_dns_a,xt816.com,154.197.4.102
xt816.com_9c4ee65120b12d5c7e5fd245ed88fc2e3903b258f58b24f95f5cef9c1d62b3ef,r_cert,xt816.com,9c4ee65120b12d5c7e5fd245ed88fc2e3903b258f58b24f95f5cef9c1d62b3ef
uo933.com_www.uo933.com,r_subdomain,uo933.com,www.uo933.com
uo933.com_154.197.4.102,r_dns_a,uo933.com,154.197.4.102
uo933.com_9c4ee65120b12d5c7e5fd245ed88fc2e3903b258f58b24f95f5cef9c1d62b3ef,r_cert,uo933.com,9c4ee65120b12d5c7e5fd245ed88fc2e3903b258f58b24f95f5cef9c1d62b3ef
ut563.com_www.ut563.com,r_subdomain,ut563.com,www.ut563.com
ut563.com_154.197.4.102,r_dns_a,ut563.com,154.197.4.102
ut563.com_17828cb1f5c08520287226474b1f33eab30d05949227762e155b47f901ed523b,r_cert,ut563.com,17828cb1f5c08520287226474b1f33eab30d05949227762e155b47f901ed523b
ah438.com_www.ah438.com,r_subdomain,ah438.com,www.ah438.com
ah438.com_154.197.4.102,r_dns_a,ah438.com,154.197.4.102
ah438.com_9c4ee65120b12d5c7e5fd245ed88fc2e3903b258f58b24f95f5cef9c1d62b3ef,r_cert,ah438.com,9c4ee65120b12d5c7e5fd245ed88fc2e3903b258f58b24f95f5cef9c1d62b3ef
pl831.com_www.pl831.com,r_subdomain,pl831.com,www.pl831.com
pl831.com_154.197.4.102,r_dns_a,pl831.com,154.197.4.102
pl831.com_9c4ee65120b12d5c7e5fd245ed88fc2e3903b258f58b24f95f5cef9c1d62b3ef,r_cert,pl831.com,9c4ee65120b12d5c7e5fd245ed88fc2e3903b258f58b24f95f5cef9c1d62b3ef
154.197.4.102_154.197.4.0/24,r_cidr,154.197.4.102,154.197.4.0/24
sgfy.zo002.com_154.197.4.102,r_dns_a,sgfy.zo002.com,154.197.4.102
154.213.28.25_154.213.28.0/24,r_cidr,154.213.28.25,154.213.28.0/24
sf45-0.9079t.com_154.213.28.25,r_dns_a,sf45-0.9079t.com,154.213.28.25
sf47-3.sfyl.good968.cc_154.213.28.25,r_dns_a,sf47-3.sfyl.good968.cc,154.213.28.25
sf156-0.7308m.com_154.213.28.25,r_dns_a,sf156-0.7308m.com,154.213.28.25
sf45-9.9079t.com_154.213.28.25,r_dns_a,sf45-9.9079t.com,154.213.28.25
www.7308m.com_154.213.28.25,r_dns_a,www.7308m.com,154.213.28.25
www.ig519.com_154.213.28.25,r_dns_a,www.ig519.com,154.213.28.25
52.58.78.16_52.58.78.0/24,r_cidr,52.58.78.16,52.58.78.0/24
www.findabl.com_52.58.78.16,r_dns_a,www.findabl.com,52.58.78.16
pinaj.com_52.58.78.16,r_dns_a,pinaj.com,52.58.78.16
tagobypana.com_52.58.78.16,r_dns_a,tagobypana.com,52.58.78.16
torqueunlimited.com_52.58.78.16,r_dns_a,torqueunlimited.com,52.58.78.16
www.tagobypana.com_52.58.78.16,r_dns_a,www.tagobypana.com,52.58.78.16
fikisha.com_52.58.78.16,r_dns_a,fikisha.com,52.58.78.16
darlingtonplumber.com_52.58.78.16,r_dns_a,darlingtonplumber.com,52.58.78.16
yuurraa.com_52.58.78.16,r_dns_a,yuurraa.com,52.58.78.16
www.router.group_52.58.78.16,r_dns_a,www.router.group,52.58.78.16
www.darlingtonplumber.com_52.58.78.16,r_dns_a,www.darlingtonplumber.com,52.58.78.16
www.torqueunlimited.com_52.58.78.16,r_dns_a,www.torqueunlimited.com,52.58.78.16
tabedzki.com_52.58.78.16,r_dns_a,tabedzki.com,52.58.78.16
americandentalspecialist.com_52.58.78.16,r_dns_a,americandentalspecialist.com,52.58.78.16
yumbucha.com_52.58.78.16,r_dns_a,yumbucha.com,52.58.78.16
www.yumbucha.com_52.58.78.16,r_dns_a,www.yumbucha.com,52.58.78.16
www.apphosting.info_52.58.78.16,r_dns_a,www.apphosting.info,52.58.78.16
novi.plus_52.58.78.16,r_dns_a,novi.plus,52.58.78.16
154.197.5.102_154.197.5.0/24,r_cidr,154.197.5.102,154.197.5.0/24
sf45-9.9079t.com_154.197.5.102,r_dns_a,sf45-9.9079t.com,154.197.5.102
www.7308m.com_154.197.5.102,r_dns_a,www.7308m.com,154.197.5.102
www.ig519.com_154.197.5.102,r_dns_a,www.ig519.com,154.197.5.102
www.9079t.com_154.197.5.102,r_dns_a,www.9079t.com,154.197.5.102
www.di432.com_154.197.5.102,r_dns_a,www.di432.com,154.197.5.102
sgfe.zo002.com_154.197.5.102,r_dns_a,sgfe.zo002.com,154.197.5.102
www.qv049.com_154.197.5.102,r_dns_a,www.qv049.com,154.197.5.102
www.pw402.com_154.197.5.102,r_dns_a,www.pw402.com,154.197.5.102
www.ue026.com_154.197.5.102,r_dns_a,www.ue026.com,154.197.5.102
www.vz417.com_154.197.5.102,r_dns_a,www.vz417.com,154.197.5.102
www.pd945.com_154.197.5.102,r_dns_a,www.pd945.com,154.197.5.102
www.vo825.com_154.197.5.102,r_dns_a,www.vo825.com,154.197.5.102
www.wf640.com_154.197.5.102,r_dns_a,www.wf640.com,154.197.5.102
www.qt145.com_154.197.5.102,r_dns_a,www.qt145.com,154.197.5.102
www.ux855.com_154.197.5.102,r_dns_a,www.ux855.com,154.197.5.102
www.vj781.com_154.197.5.102,r_dns_a,www.vj781.com,154.197.5.102
23.82.236.109_23.82.236.0/24,r_cidr,23.82.236.109,23.82.236.0/24
buys189.com_23.82.236.109,r_dns_a,buys189.com,23.82.236.109
www.buys189.com_23.82.236.109,r_dns_a,www.buys189.com,23.82.236.109
23.82.236.109_AS7203,r_asn,23.82.236.109,AS7203
74.208.236.9_74.208.236.0/24,r_cidr,74.208.236.9,74.208.236.0/24
www.algorithmequity.com_74.208.236.9,r_dns_a,www.algorithmequity.com,74.208.236.9
algorithmequity.com_74.208.236.9,r_dns_a,algorithmequity.com,74.208.236.9
www.earthangelconsortium.net_74.208.236.9,r_dns_a,www.earthangelconsortium.net,74.208.236.9
earthangelconsortium.net_74.208.236.9,r_dns_a,earthangelconsortium.net,74.208.236.9
cyrcoconstruction.com_74.208.236.9,r_dns_a,cyrcoconstruction.com,74.208.236.9
wellsvilletechnologies.com_74.208.236.9,r_dns_a,wellsvilletechnologies.com,74.208.236.9
localeminence.com_74.208.236.9,r_dns_a,localeminence.com,74.208.236.9
www.localeminence.com_74.208.236.9,r_dns_a,www.localeminence.com,74.208.236.9
mercyvineyard.church_74.208.236.9,r_dns_a,mercyvineyard.church,74.208.236.9
www.mercyvineyard.church_74.208.236.9,r_dns_a,www.mercyvineyard.church,74.208.236.9
bordertruckingroup.com_74.208.236.9,r_dns_a,bordertruckingroup.com,74.208.236.9
earthangelconsortium.com_74.208.236.9,r_dns_a,earthangelconsortium.com,74.208.236.9
www.earthangelconsortium.com_74.208.236.9,r_dns_a,www.earthangelconsortium.com,74.208.236.9
gayrateme.com_74.208.236.9,r_dns_a,gayrateme.com,74.208.236.9
commoninterior.com_74.208.236.9,r_dns_a,commoninterior.com,74.208.236.9
8segundosbar.com_74.208.236.9,r_dns_a,8segundosbar.com,74.208.236.9
www.commoninterior.com_74.208.236.9,r_dns_a,www.commoninterior.com,74.208.236.9
aplus-electrical.com_74.208.236.9,r_dns_a,aplus-electrical.com,74.208.236.9
93.191.156.245_93.191.156.0/24,r_cidr,93.191.156.245,93.191.156.0/24
ps-housinghotels.com_93.191.156.245,r_dns_a,ps-housinghotels.com,93.191.156.245
juansese.com_93.191.156.245,r_dns_a,juansese.com,93.191.156.245
www.juansese.com_93.191.156.245,r_dns_a,www.juansese.com,93.191.156.245
www.daryeel-bank.com_93.191.156.245,r_dns_a,www.daryeel-bank.com,93.191.156.245
daryeel-bank.com_93.191.156.245,r_dns_a,daryeel-bank.com,93.191.156.245
cwt.one_93.191.156.245,r_dns_a,cwt.one,93.191.156.245
www.cwt.one_93.191.156.245,r_dns_a,www.cwt.one,93.191.156.245
www.recarokidsdanmark.dk_93.191.156.245,r_dns_a,www.recarokidsdanmark.dk,93.191.156.245
niramclicks.com_93.191.156.245,r_dns_a,niramclicks.com,93.191.156.245
www.niramclicks.com_93.191.156.245,r_dns_a,www.niramclicks.com,93.191.156.245
www.danishtownmexico.com_93.191.156.245,r_dns_a,www.danishtownmexico.com,93.191.156.245
www.ziedenborg.com_93.191.156.245,r_dns_a,www.ziedenborg.com,93.191.156.245
www.feelsw.pro_93.191.156.245,r_dns_a,www.feelsw.pro,93.191.156.245
feelsw.pro_93.191.156.245,r_dns_a,feelsw.pro,93.191.156.245
treveoh.com_93.191.156.245,r_dns_a,treveoh.com,93.191.156.245
www.isfuglen.com_93.191.156.245,r_dns_a,www.isfuglen.com,93.191.156.245
isfuglen.com_93.191.156.245,r_dns_a,isfuglen.com,93.191.156.245
lilacmeadow.com_93.191.156.245,r_dns_a,lilacmeadow.com,93.191.156.245
221.231.138.11_221.231.138.0/24,r_cidr,221.231.138.11,221.231.138.0/24
www.afzs.top_221.231.138.11,r_dns_a,www.afzs.top,221.231.138.11
za-pp.top_221.231.138.11,r_dns_a,za-pp.top,221.231.138.11
www.jsxszwksb.com_221.231.138.11,r_dns_a,www.jsxszwksb.com,221.231.138.11
www.xhwsc.top_221.231.138.11,r_dns_a,www.xhwsc.top,221.231.138.11
www.xzlfls.com_221.231.138.11,r_dns_a,www.xzlfls.com,221.231.138.11
yhlh888.com_221.231.138.11,r_dns_a,yhlh888.com,221.231.138.11
www.meiernaitec.com_221.231.138.11,r_dns_a,www.meiernaitec.com,221.231.138.11
meiernaitec.com_221.231.138.11,r_dns_a,meiernaitec.com,221.231.138.11
www.dcsymc.com_221.231.138.11,r_dns_a,www.dcsymc.com,221.231.138.11
dcsymc.com_221.231.138.11,r_dns_a,dcsymc.com,221.231.138.11
www.jsjsyld.com_221.231.138.11,r_dns_a,www.jsjsyld.com,221.231.138.11
xintang888.com_221.231.138.11,r_dns_a,xintang888.com,221.231.138.11
www.dclhkj.com_221.231.138.11,r_dns_a,www.dclhkj.com,221.231.138.11
sqhhs.com_221.231.138.11,r_dns_a,sqhhs.com,221.231.138.11
jsydcr.com_221.231.138.11,r_dns_a,jsydcr.com,221.231.138.11
jsjsy168.com_221.231.138.11,r_dns_a,jsjsy168.com,221.231.138.11
dcdsh.com_221.231.138.11,r_dns_a,dcdsh.com,221.231.138.11
www.jsjsyny.com_221.231.138.11,r_dns_a,www.jsjsyny.com,221.231.138.11
154.220.86.78_154.220.86.0/24,r_cidr,154.220.86.78,154.220.86.0/24
www.kevinstewartfishing.com_154.220.86.78,r_dns_a,www.kevinstewartfishing.com,154.220.86.78
fayemarsh.com_154.220.86.78,r_dns_a,fayemarsh.com,154.220.86.78
www.thecoffeeshopcoach.com_154.220.86.78,r_dns_a,www.thecoffeeshopcoach.com,154.220.86.78
gooldie.com_154.220.86.78,r_dns_a,gooldie.com,154.220.86.78
www.gooldie.com_154.220.86.78,r_dns_a,www.gooldie.com,154.220.86.78
www.carolinagumbaya.com_154.220.86.78,r_dns_a,www.carolinagumbaya.com,154.220.86.78
carolinagumbaya.com_154.220.86.78,r_dns_a,carolinagumbaya.com,154.220.86.78
buyinglegalfees.com_154.220.86.78,r_dns_a,buyinglegalfees.com,154.220.86.78
www.buyinglegalfees.com_154.220.86.78,r_dns_a,www.buyinglegalfees.com,154.220.86.78
kevinstewartfishing.com_154.220.86.78,r_dns_a,kevinstewartfishing.com,154.220.86.78
thecoffeeshopcoach.com_154.220.86.78,r_dns_a,thecoffeeshopcoach.com,154.220.86.78
www.yanaitang.com_154.220.86.78,r_dns_a,www.yanaitang.com,154.220.86.78
www.fayemarsh.com_154.220.86.78,r_dns_a,www.fayemarsh.com,154.220.86.78
yanaitang.com_154.220.86.78,r_dns_a,yanaitang.com,154.220.86.78
154.220.86.78_AS133201,r_asn,154.220.86.78,AS133201
54.36.177.104_54.36.177.0/24,r_cidr,54.36.177.104,54.36.177.0/24
54.36.177.104_AS16276,r_asn,54.36.177.104,AS16276
91.195.241.136_91.195.241.0/24,r_cidr,91.195.241.136,91.195.241.0/24
www.pumpyourpenis.com_91.195.241.136,r_dns_a,www.pumpyourpenis.com,91.195.241.136
www.areffi.com_91.195.241.136,r_dns_a,www.areffi.com,91.195.241.136
www.cardsblockchain.com_91.195.241.136,r_dns_a,www.cardsblockchain.com,91.195.241.136
www.blackgunownersassociation.net_91.195.241.136,r_dns_a,www.blackgunownersassociation.net,91.195.241.136
ohduo.com_91.195.241.136,r_dns_a,ohduo.com,91.195.241.136
www.ohduo.com_91.195.241.136,r_dns_a,www.ohduo.com,91.195.241.136
www.iotlegalgroup.com_91.195.241.136,r_dns_a,www.iotlegalgroup.com,91.195.241.136
wemob.net_91.195.241.136,r_dns_a,wemob.net,91.195.241.136
sexskino.com_91.195.241.136,r_dns_a,sexskino.com,91.195.241.136
coloradoave.com_91.195.241.136,r_dns_a,coloradoave.com,91.195.241.136
mekometer.com_91.195.241.136,r_dns_a,mekometer.com,91.195.241.136
www.btcmin.net_91.195.241.136,r_dns_a,www.btcmin.net,91.195.241.136
www.metronomeplus.com_91.195.241.136,r_dns_a,www.metronomeplus.com,91.195.241.136
www.getafricanname.com_91.195.241.136,r_dns_a,www.getafricanname.com,91.195.241.136
btcmin.net_91.195.241.136,r_dns_a,btcmin.net,91.195.241.136
www.2019ok.net_91.195.241.136,r_dns_a,www.2019ok.net,91.195.241.136
www.crypto-usd.com_91.195.241.136,r_dns_a,www.crypto-usd.com,91.195.241.136
2019ok.net_91.195.241.136,r_dns_a,2019ok.net,91.195.241.136
188.130.46.108_188.130.46.0/24,r_cidr,188.130.46.108,188.130.46.0/24
www.objectif-heureux.com_188.130.46.108,r_dns_a,www.objectif-heureux.com,188.130.46.108
objectif-heureux.com_188.130.46.108,r_dns_a,objectif-heureux.com,188.130.46.108
www.objectif-motivation.com_188.130.46.108,r_dns_a,www.objectif-motivation.com,188.130.46.108
objectif-motivation.com_188.130.46.108,r_dns_a,objectif-motivation.com,188.130.46.108
www.je-reste-au-top.com_188.130.46.108,r_dns_a,www.je-reste-au-top.com,188.130.46.108
je-reste-au-top.com_188.130.46.108,r_dns_a,je-reste-au-top.com,188.130.46.108
nous-sommes-motives.com_188.130.46.108,r_dns_a,nous-sommes-motives.com,188.130.46.108
www.nous-sommes-motives.com_188.130.46.108,r_dns_a,www.nous-sommes-motives.com,188.130.46.108
www.forme-et-motivation.com_188.130.46.108,r_dns_a,www.forme-et-motivation.com,188.130.46.108
forme-et-motivation.com_188.130.46.108,r_dns_a,forme-et-motivation.com,188.130.46.108
www.motivation-gagnante.com_188.130.46.108,r_dns_a,www.motivation-gagnante.com,188.130.46.108
motivation-gagnante.com_188.130.46.108,r_dns_a,motivation-gagnante.com,188.130.46.108
www.top-et-bien.com_188.130.46.108,r_dns_a,www.top-et-bien.com,188.130.46.108
top-et-bien.com_188.130.46.108,r_dns_a,top-et-bien.com,188.130.46.108
www.on-est-en-forme.com_188.130.46.108,r_dns_a,www.on-est-en-forme.com,188.130.46.108
www.on-reste-en-forme.com_188.130.46.108,r_dns_a,www.on-reste-en-forme.com,188.130.46.108
on-est-en-forme.com_188.130.46.108,r_dns_a,on-est-en-forme.com,188.130.46.108
zenitude-forme.com_188.130.46.108,r_dns_a,zenitude-forme.com,188.130.46.108
34.102.136.180_34.102.136.0/24,r_cidr,34.102.136.180,34.102.136.0/24
leschinewconstruction.com_34.102.136.180,r_dns_a,leschinewconstruction.com,34.102.136.180
www.disruptiv-power.com_34.102.136.180,r_dns_a,www.disruptiv-power.com,34.102.136.180
chiaratanganelli.com_34.102.136.180,r_dns_a,chiaratanganelli.com,34.102.136.180
mydirectleasing.com_34.102.136.180,r_dns_a,mydirectleasing.com,34.102.136.180
cotswoldsaupair.com_34.102.136.180,r_dns_a,cotswoldsaupair.com,34.102.136.180
steamboatlakeboatrentals.com_34.102.136.180,r_dns_a,steamboatlakeboatrentals.com,34.102.136.180
www.jaccorubens.com_34.102.136.180,r_dns_a,www.jaccorubens.com,34.102.136.180
www.leschinewconstruction.com_34.102.136.180,r_dns_a,www.leschinewconstruction.com,34.102.136.180
hanrabenstudios.com_34.102.136.180,r_dns_a,hanrabenstudios.com,34.102.136.180
pagteam.com_34.102.136.180,r_dns_a,pagteam.com,34.102.136.180
teaklink.com_34.102.136.180,r_dns_a,teaklink.com,34.102.136.180
madepngareptelulikur.com_34.102.136.180,r_dns_a,madepngareptelulikur.com,34.102.136.180
www.storagemo.com_34.102.136.180,r_dns_a,www.storagemo.com,34.102.136.180
www.legacylandmarksusa.com_34.102.136.180,r_dns_a,www.legacylandmarksusa.com,34.102.136.180
christianspeechdebate.com_34.102.136.180,r_dns_a,christianspeechdebate.com,34.102.136.180
www.iwillindustries.com_34.102.136.180,r_dns_a,www.iwillindustries.com,34.102.136.180
iwillindustries.com_34.102.136.180,r_dns_a,iwillindustries.com,34.102.136.180
opulentgifting.com_34.102.136.180,r_dns_a,opulentgifting.com,34.102.136.180
35.209.107.99_35.209.107.0/24,r_cidr,35.209.107.99,35.209.107.0/24
www.miimanu.com_35.209.107.99,r_dns_a,www.miimanu.com,35.209.107.99
miimanu.com_35.209.107.99,r_dns_a,miimanu.com,35.209.107.99
bestcarstereo.net_35.209.107.99,r_dns_a,bestcarstereo.net,35.209.107.99
www.musemanifestor.com_35.209.107.99,r_dns_a,www.musemanifestor.com,35.209.107.99
www.jonessunsetsauce.com_35.209.107.99,r_dns_a,www.jonessunsetsauce.com,35.209.107.99
feminitycolombia.com_35.209.107.99,r_dns_a,feminitycolombia.com,35.209.107.99
lite-office.com_35.209.107.99,r_dns_a,lite-office.com,35.209.107.99
www.toptermitetechnicians.com_35.209.107.99,r_dns_a,www.toptermitetechnicians.com,35.209.107.99
toptermitetechnicians.com_35.209.107.99,r_dns_a,toptermitetechnicians.com,35.209.107.99
www.keyvanmokhtari.com_35.209.107.99,r_dns_a,www.keyvanmokhtari.com,35.209.107.99
joeramirezhd12.com_35.209.107.99,r_dns_a,joeramirezhd12.com,35.209.107.99
effathaenglish.com_35.209.107.99,r_dns_a,effathaenglish.com,35.209.107.99
parrillaspremium.com_35.209.107.99,r_dns_a,parrillaspremium.com,35.209.107.99
www.freebasicgerman.com_35.209.107.99,r_dns_a,www.freebasicgerman.com,35.209.107.99
www.parrillaspremium.com_35.209.107.99,r_dns_a,www.parrillaspremium.com,35.209.107.99
www.deepcreekmeadowsranch.com_35.209.107.99,r_dns_a,www.deepcreekmeadowsranch.com,35.209.107.99
coupon7sry.com_35.209.107.99,r_dns_a,coupon7sry.com,35.209.107.99
www.helloholisticlife.com_35.209.107.99,r_dns_a,www.helloholisticlife.com,35.209.107.99
104.164.39.145_104.164.39.0/24,r_cidr,104.164.39.145,104.164.39.0/24
104.164.39.145_AS18779,r_asn,104.164.39.145,AS18779
213.186.33.5_213.186.33.0/24,r_cidr,213.186.33.5,213.186.33.0/24
www.rts-tranports.com_213.186.33.5,r_dns_a,www.rts-tranports.com,213.186.33.5
www.leconsultunisie.com_213.186.33.5,r_dns_a,www.leconsultunisie.com,213.186.33.5
europe-sources.info_213.186.33.5,r_dns_a,europe-sources.info,213.186.33.5
leconsultunisie.com_213.186.33.5,r_dns_a,leconsultunisie.com,213.186.33.5
riva-elite.com_213.186.33.5,r_dns_a,riva-elite.com,213.186.33.5
www.ulteriorite.net_213.186.33.5,r_dns_a,www.ulteriorite.net,213.186.33.5
www.biere-academy.com_213.186.33.5,r_dns_a,www.biere-academy.com,213.186.33.5
biere-academy.com_213.186.33.5,r_dns_a,biere-academy.com,213.186.33.5
to-be-locked.com_213.186.33.5,r_dns_a,to-be-locked.com,213.186.33.5
www.teamwithattitude.com_213.186.33.5,r_dns_a,www.teamwithattitude.com,213.186.33.5
www.checkup-test.com_213.186.33.5,r_dns_a,www.checkup-test.com,213.186.33.5
checkup-test.com_213.186.33.5,r_dns_a,checkup-test.com,213.186.33.5
www.jaimemoncaviste.net_213.186.33.5,r_dns_a,www.jaimemoncaviste.net,213.186.33.5
jaimemoncaviste.net_213.186.33.5,r_dns_a,jaimemoncaviste.net,213.186.33.5
www.myhallal-academy.com_213.186.33.5,r_dns_a,www.myhallal-academy.com,213.186.33.5
ikerpiris.com_213.186.33.5,r_dns_a,ikerpiris.com,213.186.33.5
www.h2oterp.com_213.186.33.5,r_dns_a,www.h2oterp.com,213.186.33.5
154.222.162.42_154.222.162.0/24,r_cidr,154.222.162.42,154.222.162.0/24
154.222.162.42_AS134705,r_asn,154.222.162.42,AS134705
www.ikerpiris.com_213.186.33.5,r_dns_a,www.ikerpiris.com,213.186.33.5
commeundimanchematin.com_213.186.33.5,r_dns_a,commeundimanchematin.com,213.186.33.5
www.saintexuperyexpo.net_213.186.33.5,r_dns_a,www.saintexuperyexpo.net,213.186.33.5
www.commeundimanchematin.com_213.186.33.5,r_dns_a,www.commeundimanchematin.com,213.186.33.5
www.xn--ouico-dsa.com_213.186.33.5,r_dns_a,www.xn--ouico-dsa.com,213.186.33.5
saintexuperyexpo.net_213.186.33.5,r_dns_a,saintexuperyexpo.net,213.186.33.5
www.verkor-energy.com_213.186.33.5,r_dns_a,www.verkor-energy.com,213.186.33.5
bejaofood.com_213.186.33.5,r_dns_a,bejaofood.com,213.186.33.5
les-petits-editeurs.com_213.186.33.5,r_dns_a,les-petits-editeurs.com,213.186.33.5
engageglobalagile.com_213.186.33.5,r_dns_a,engageglobalagile.com,213.186.33.5
magicsync.net_213.186.33.5,r_dns_a,magicsync.net,213.186.33.5
kozoom.community_213.186.33.5,r_dns_a,kozoom.community,213.186.33.5
www.engageglobalagile.com_213.186.33.5,r_dns_a,www.engageglobalagile.com,213.186.33.5
lunettes-coquillage.com_213.186.33.5,r_dns_a,lunettes-coquillage.com,213.186.33.5
www.barf-et-attrapes.com_213.186.33.5,r_dns_a,www.barf-et-attrapes.com,213.186.33.5
www.investissezresponsable.com_213.186.33.5,r_dns_a,www.investissezresponsable.com,213.186.33.5
www.lunettes-coquillage.com_213.186.33.5,r_dns_a,www.lunettes-coquillage.com,213.186.33.5
investissezresponsable.com_213.186.33.5,r_dns_a,investissezresponsable.com,213.186.33.5
www.raslesmasques.com_213.186.33.5,r_dns_a,www.raslesmasques.com,213.186.33.5
everycakeyoubake.com_213.186.33.5,r_dns_a,everycakeyoubake.com,213.186.33.5
www.coupon7sry.com_35.209.107.99,r_dns_a,www.coupon7sry.com,35.209.107.99
charmingcheek.com_35.209.107.99,r_dns_a,charmingcheek.com,35.209.107.99
www.charmingcheek.com_35.209.107.99,r_dns_a,www.charmingcheek.com,35.209.107.99
www.plantawakening.com_35.209.107.99,r_dns_a,www.plantawakening.com,35.209.107.99
www.pacreativemodas.com_35.209.107.99,r_dns_a,www.pacreativemodas.com,35.209.107.99
plantawakening.com_35.209.107.99,r_dns_a,plantawakening.com,35.209.107.99
pacreativemodas.com_35.209.107.99,r_dns_a,pacreativemodas.com,35.209.107.99
www.triplemhomebuilders.com_35.209.107.99,r_dns_a,www.triplemhomebuilders.com,35.209.107.99
fibercablex.com_35.209.107.99,r_dns_a,fibercablex.com,35.209.107.99
www.joshmulhall.com_35.209.107.99,r_dns_a,www.joshmulhall.com,35.209.107.99
localislandliving.com_35.209.107.99,r_dns_a,localislandliving.com,35.209.107.99
www.bloomingartistfarm.com_35.209.107.99,r_dns_a,www.bloomingartistfarm.com,35.209.107.99
www.zeizacorp.com_35.209.107.99,r_dns_a,www.zeizacorp.com,35.209.107.99
www.localislandliving.com_35.209.107.99,r_dns_a,www.localislandliving.com,35.209.107.99
tidohbrandservice.com_35.209.107.99,r_dns_a,tidohbrandservice.com,35.209.107.99
www.tidohbrandservice.com_35.209.107.99,r_dns_a,www.tidohbrandservice.com,35.209.107.99
wawichic.com_35.209.107.99,r_dns_a,wawichic.com,35.209.107.99
rubysstudios.com_35.209.107.99,r_dns_a,rubysstudios.com,35.209.107.99
guyardomediagroup.com_35.209.107.99,r_dns_a,guyardomediagroup.com,35.209.107.99
www.wawichic.com_35.209.107.99,r_dns_a,www.wawichic.com,35.209.107.99
mocontainers.com_34.102.136.180,r_dns_a,mocontainers.com,34.102.136.180
www.bankprairie.com_34.102.136.180,r_dns_a,www.bankprairie.com,34.102.136.180
bankprairie.com_34.102.136.180,r_dns_a,bankprairie.com,34.102.136.180
elizabethmaringconsulting.com_34.102.136.180,r_dns_a,elizabethmaringconsulting.com,34.102.136.180
maiorisrentals.com_34.102.136.180,r_dns_a,maiorisrentals.com,34.102.136.180
www.pagteam.com_34.102.136.180,r_dns_a,www.pagteam.com,34.102.136.180
vertcos.biz_34.102.136.180,r_dns_a,vertcos.biz,34.102.136.180
www.vertcos.biz_34.102.136.180,r_dns_a,www.vertcos.biz,34.102.136.180
www.iman067.com_34.102.136.180,r_dns_a,www.iman067.com,34.102.136.180
patdeen22.com_34.102.136.180,r_dns_a,patdeen22.com,34.102.136.180
roederbutcherblock.com_34.102.136.180,r_dns_a,roederbutcherblock.com,34.102.136.180
www.rouenwatches.com_34.102.136.180,r_dns_a,www.rouenwatches.com,34.102.136.180
rouenwatches.com_34.102.136.180,r_dns_a,rouenwatches.com,34.102.136.180
ilightpakistan.com_34.102.136.180,r_dns_a,ilightpakistan.com,34.102.136.180
www.roederbutcherblock.com_34.102.136.180,r_dns_a,www.roederbutcherblock.com,34.102.136.180
www.renophotowalks.com_34.102.136.180,r_dns_a,www.renophotowalks.com,34.102.136.180
activedq.com_34.102.136.180,r_dns_a,activedq.com,34.102.136.180
renophotowalks.com_34.102.136.180,r_dns_a,renophotowalks.com,34.102.136.180
www.opulentgifting.com_34.102.136.180,r_dns_a,www.opulentgifting.com,34.102.136.180
tweenmerch.com_34.102.136.180,r_dns_a,tweenmerch.com,34.102.136.180
on-reste-en-forme.com_188.130.46.108,r_dns_a,on-reste-en-forme.com,188.130.46.108
www.zenitude-forme.com_188.130.46.108,r_dns_a,www.zenitude-forme.com,188.130.46.108
sukupuk.com_188.130.46.108,r_dns_a,sukupuk.com,188.130.46.108
www.sukupuk.com_188.130.46.108,r_dns_a,www.sukupuk.com,188.130.46.108
188.130.46.108_AS35393,r_asn,188.130.46.108,AS35393
makeupasap.com_91.195.241.136,r_dns_a,makeupasap.com,91.195.241.136
www.makeupasap.com_91.195.241.136,r_dns_a,www.makeupasap.com,91.195.241.136
79ner.com_91.195.241.136,r_dns_a,79ner.com,91.195.241.136
89ner.com_91.195.241.136,r_dns_a,89ner.com,91.195.241.136
www.79ner.com_91.195.241.136,r_dns_a,www.79ner.com,91.195.241.136
exeterphotographer.com_91.195.241.136,r_dns_a,exeterphotographer.com,91.195.241.136
www.89ner.com_91.195.241.136,r_dns_a,www.89ner.com,91.195.241.136
www.yourspanishlanguagecenter.com_91.195.241.136,r_dns_a,www.yourspanishlanguagecenter.com,91.195.241.136
www.40acresandamule.club_91.195.241.136,r_dns_a,www.40acresandamule.club,91.195.241.136
bitcoinhonest.com_91.195.241.136,r_dns_a,bitcoinhonest.com,91.195.241.136
floraroad.com_91.195.241.136,r_dns_a,floraroad.com,91.195.241.136
40acresandamule.club_91.195.241.136,r_dns_a,40acresandamule.club,91.195.241.136
www.xn--cologies-90a.com_91.195.241.136,r_dns_a,www.xn--cologies-90a.com,91.195.241.136
www.floraroad.com_91.195.241.136,r_dns_a,www.floraroad.com,91.195.241.136
www.613.world_91.195.241.136,r_dns_a,www.613.world,91.195.241.136
www.storekeeper.top_91.195.241.136,r_dns_a,www.storekeeper.top,91.195.241.136
613.world_91.195.241.136,r_dns_a,613.world,91.195.241.136
imakecoins.com_91.195.241.136,r_dns_a,imakecoins.com,91.195.241.136
prestigeautoexchange.com_91.195.241.136,r_dns_a,prestigeautoexchange.com,91.195.241.136
allround.info_91.195.241.136,r_dns_a,allround.info,91.195.241.136
jsjsyny.com_221.231.138.11,r_dns_a,jsjsyny.com,221.231.138.11
www.jsdccd.com_221.231.138.11,r_dns_a,www.jsdccd.com,221.231.138.11
sjafs.com_221.231.138.11,r_dns_a,sjafs.com,221.231.138.11
www.sqzysz.com_221.231.138.11,r_dns_a,www.sqzysz.com,221.231.138.11
www.zjhdty.top_221.231.138.11,r_dns_a,www.zjhdty.top,221.231.138.11
xzlczs.com_221.231.138.11,r_dns_a,xzlczs.com,221.231.138.11
jdtyn.top_221.231.138.11,r_dns_a,jdtyn.top,221.231.138.11
boltzj.com_221.231.138.11,r_dns_a,boltzj.com,221.231.138.11
xzrhks.com_221.231.138.11,r_dns_a,xzrhks.com,221.231.138.11
www.xzrhks.com_221.231.138.11,r_dns_a,www.xzrhks.com,221.231.138.11
yt668.top_221.231.138.11,r_dns_a,yt668.top,221.231.138.11
www.jsrsykj.com_221.231.138.11,r_dns_a,www.jsrsykj.com,221.231.138.11
www.zj-hytf.com_221.231.138.11,r_dns_a,www.zj-hytf.com,221.231.138.11
yazhijie.top_221.231.138.11,r_dns_a,yazhijie.top,221.231.138.11
www.niunanlaile.com_221.231.138.11,r_dns_a,www.niunanlaile.com,221.231.138.11
www.dexinmuffler.com_221.231.138.11,r_dns_a,www.dexinmuffler.com,221.231.138.11
dexinmuffler.com_221.231.138.11,r_dns_a,dexinmuffler.com,221.231.138.11
www.zslhhr.com_221.231.138.11,r_dns_a,www.zslhhr.com,221.231.138.11
zslhhr.com_221.231.138.11,r_dns_a,zslhhr.com,221.231.138.11
www.hfcdjf.com_221.231.138.11,r_dns_a,www.hfcdjf.com,221.231.138.11
nordicsportstechcapital.com_93.191.156.245,r_dns_a,nordicsportstechcapital.com,93.191.156.245
www.nordicsportstechcapital.com_93.191.156.245,r_dns_a,www.nordicsportstechcapital.com,93.191.156.245
larsens.site_93.191.156.245,r_dns_a,larsens.site,93.191.156.245
www.larsens.site_93.191.156.245,r_dns_a,www.larsens.site,93.191.156.245
collegeeducationtips.com_93.191.156.245,r_dns_a,collegeeducationtips.com,93.191.156.245
theembeddeddeveloper.com_93.191.156.245,r_dns_a,theembeddeddeveloper.com,93.191.156.245
www.theembeddeddeveloper.com_93.191.156.245,r_dns_a,www.theembeddeddeveloper.com,93.191.156.245
tmvp2020.com_93.191.156.245,r_dns_a,tmvp2020.com,93.191.156.245
nordicitpartner.com_93.191.156.245,r_dns_a,nordicitpartner.com,93.191.156.245
www.nordicitpartner.com_93.191.156.245,r_dns_a,www.nordicitpartner.com,93.191.156.245
www.fjordklinikkenithy.dk_93.191.156.245,r_dns_a,www.fjordklinikkenithy.dk,93.191.156.245
microartgroup.com_93.191.156.245,r_dns_a,microartgroup.com,93.191.156.245
www.microartgroup.com_93.191.156.245,r_dns_a,www.microartgroup.com,93.191.156.245
www.jakobsenstudio.com_93.191.156.245,r_dns_a,www.jakobsenstudio.com,93.191.156.245
jakobsenstudio.com_93.191.156.245,r_dns_a,jakobsenstudio.com,93.191.156.245
farawayfromfiji.com_93.191.156.245,r_dns_a,farawayfromfiji.com,93.191.156.245
www.farawayfromfiji.com_93.191.156.245,r_dns_a,www.farawayfromfiji.com,93.191.156.245
varounwrapping.com_93.191.156.245,r_dns_a,varounwrapping.com,93.191.156.245
www.varounwrapping.com_93.191.156.245,r_dns_a,www.varounwrapping.com,93.191.156.245
www.wekoagro.com_93.191.156.245,r_dns_a,www.wekoagro.com,93.191.156.245
www.prestafunding.com_74.208.236.9,r_dns_a,www.prestafunding.com,74.208.236.9
prestafunding.com_74.208.236.9,r_dns_a,prestafunding.com,74.208.236.9
www.hollanderdis.com_74.208.236.9,r_dns_a,www.hollanderdis.com,74.208.236.9
hollanderdis.com_74.208.236.9,r_dns_a,hollanderdis.com,74.208.236.9
popglossbyniya.com_74.208.236.9,r_dns_a,popglossbyniya.com,74.208.236.9
www.popglossbyniya.com_74.208.236.9,r_dns_a,www.popglossbyniya.com,74.208.236.9
www.tour772.com_74.208.236.9,r_dns_a,www.tour772.com,74.208.236.9
tour772.com_74.208.236.9,r_dns_a,tour772.com,74.208.236.9
diepimmels.com_74.208.236.9,r_dns_a,diepimmels.com,74.208.236.9
www.tourtreasurecoast.com_74.208.236.9,r_dns_a,www.tourtreasurecoast.com,74.208.236.9
tourtreasurecoast.com_74.208.236.9,r_dns_a,tourtreasurecoast.com,74.208.236.9
www.jaguarbedford.com_74.208.236.9,r_dns_a,www.jaguarbedford.com,74.208.236.9
jaguarbedford.com_74.208.236.9,r_dns_a,jaguarbedford.com,74.208.236.9
www.charityvscharity.com_74.208.236.9,r_dns_a,www.charityvscharity.com,74.208.236.9
charityvscharity.com_74.208.236.9,r_dns_a,charityvscharity.com,74.208.236.9
772tour.com_74.208.236.9,r_dns_a,772tour.com,74.208.236.9
www.ihaveajet.com_74.208.236.9,r_dns_a,www.ihaveajet.com,74.208.236.9
jaguarnh.com_74.208.236.9,r_dns_a,jaguarnh.com,74.208.236.9
www.jaguarnh.com_74.208.236.9,r_dns_a,www.jaguarnh.com,74.208.236.9
ihaveajet.com_74.208.236.9,r_dns_a,ihaveajet.com,74.208.236.9
www.be312.com_154.197.5.102,r_dns_a,www.be312.com,154.197.5.102
www.io133.com_154.197.5.102,r_dns_a,www.io133.com,154.197.5.102
www.uk331.com_154.197.5.102,r_dns_a,www.uk331.com,154.197.5.102
www.fb050.com_154.197.5.102,r_dns_a,www.fb050.com,154.197.5.102
www.hl029.com_154.197.5.102,r_dns_a,www.hl029.com,154.197.5.102
www.wp470.com_154.197.5.102,r_dns_a,www.wp470.com,154.197.5.102
www.jo165.com_154.197.5.102,r_dns_a,www.jo165.com,154.197.5.102
www.wp107.com_154.197.5.102,r_dns_a,www.wp107.com,154.197.5.102
www.ev185.com_154.197.5.102,r_dns_a,www.ev185.com,154.197.5.102
www.xt816.com_154.197.5.102,r_dns_a,www.xt816.com,154.197.5.102
www.uo933.com_154.197.5.102,r_dns_a,www.uo933.com,154.197.5.102
www.ut563.com_154.197.5.102,r_dns_a,www.ut563.com,154.197.5.102
www.pl831.com_154.197.5.102,r_dns_a,www.pl831.com,154.197.5.102
www.ah438.com_154.197.5.102,r_dns_a,www.ah438.com,154.197.5.102
www.sv684.com_154.197.5.102,r_dns_a,www.sv684.com,154.197.5.102
www.vp522.com_154.197.5.102,r_dns_a,www.vp522.com,154.197.5.102
www.gf296.com_154.197.5.102,r_dns_a,www.gf296.com,154.197.5.102
www.lz089.com_154.197.5.102,r_dns_a,www.lz089.com,154.197.5.102
www.rz541.com_154.197.5.102,r_dns_a,www.rz541.com,154.197.5.102
www.nf457.com_154.197.5.102,r_dns_a,www.nf457.com,154.197.5.102
www.suffolkbarnco.com_52.58.78.16,r_dns_a,www.suffolkbarnco.com,52.58.78.16
www.vetafit.com_52.58.78.16,r_dns_a,www.vetafit.com,52.58.78.16
robertavinci.com_52.58.78.16,r_dns_a,robertavinci.com,52.58.78.16
www.tedfrench.com_52.58.78.16,r_dns_a,www.tedfrench.com,52.58.78.16
www.yuurraa.com_52.58.78.16,r_dns_a,www.yuurraa.com,52.58.78.16
tedfrench.com_52.58.78.16,r_dns_a,tedfrench.com,52.58.78.16
sensationalliquidmatte.com_52.58.78.16,r_dns_a,sensationalliquidmatte.com,52.58.78.16
1858ipa.com_52.58.78.16,r_dns_a,1858ipa.com,52.58.78.16
www.qwyeuro.com_52.58.78.16,r_dns_a,www.qwyeuro.com,52.58.78.16
sanantoniocrane.com_52.58.78.16,r_dns_a,sanantoniocrane.com,52.58.78.16
www.remotelyxr.com_52.58.78.16,r_dns_a,www.remotelyxr.com,52.58.78.16
qwyeuro.com_52.58.78.16,r_dns_a,qwyeuro.com,52.58.78.16
adventurefy.com_52.58.78.16,r_dns_a,adventurefy.com,52.58.78.16
www.1858ipa.com_52.58.78.16,r_dns_a,www.1858ipa.com,52.58.78.16
nukavi.com_52.58.78.16,r_dns_a,nukavi.com,52.58.78.16
universityadvantage.com_52.58.78.16,r_dns_a,universityadvantage.com,52.58.78.16
alwafore.com_52.58.78.16,r_dns_a,alwafore.com,52.58.78.16
www.tabedzki.com_52.58.78.16,r_dns_a,www.tabedzki.com,52.58.78.16
www.bovent.com_52.58.78.16,r_dns_a,www.bovent.com,52.58.78.16
www.sanantoniocrane.com_52.58.78.16,r_dns_a,www.sanantoniocrane.com,52.58.78.16
www.9079t.com_154.213.28.25,r_dns_a,www.9079t.com,154.213.28.25
154.213.28.25_AS136970,r_asn,154.213.28.25,AS136970
sv684.com_154.197.4.102,r_dns_a,sv684.com,154.197.4.102
vp522.com_154.197.4.102,r_dns_a,vp522.com,154.197.4.102
gf296.com_154.197.4.102,r_dns_a,gf296.com,154.197.4.102
lz089.com_154.197.4.102,r_dns_a,lz089.com,154.197.4.102
rz541.com_154.197.4.102,r_dns_a,rz541.com,154.197.4.102
nf457.com_154.197.4.102,r_dns_a,nf457.com,154.197.4.102
wn437.com_154.197.4.102,r_dns_a,wn437.com,154.197.4.102
3021s.com_154.197.4.102,r_dns_a,3021s.com,154.197.4.102
3021s.com_www.3021s.com,r_subdomain,3021s.com,www.3021s.com
3021s.com_9c4ee65120b12d5c7e5fd245ed88fc2e3903b258f58b24f95f5cef9c1d62b3ef,r_cert,3021s.com,9c4ee65120b12d5c7e5fd245ed88fc2e3903b258f58b24f95f5cef9c1d62b3ef
wn437.com_www.wn437.com,r_subdomain,wn437.com,www.wn437.com
wn437.com_9c4ee65120b12d5c7e5fd245ed88fc2e3903b258f58b24f95f5cef9c1d62b3ef,r_cert,wn437.com,9c4ee65120b12d5c7e5fd245ed88fc2e3903b258f58b24f95f5cef9c1d62b3ef
nf457.com_www.nf457.com,r_subdomain,nf457.com,www.nf457.com
nf457.com_9c4ee65120b12d5c7e5fd245ed88fc2e3903b258f58b24f95f5cef9c1d62b3ef,r_cert,nf457.com,9c4ee65120b12d5c7e5fd245ed88fc2e3903b258f58b24f95f5cef9c1d62b3ef
rz541.com_www.rz541.com,r_subdomain,rz541.com,www.rz541.com
rz541.com_9c4ee65120b12d5c7e5fd245ed88fc2e3903b258f58b24f95f5cef9c1d62b3ef,r_cert,rz541.com,9c4ee65120b12d5c7e5fd245ed88fc2e3903b258f58b24f95f5cef9c1d62b3ef
lz089.com_www.lz089.com,r_subdomain,lz089.com,www.lz089.com
lz089.com_17828cb1f5c08520287226474b1f33eab30d05949227762e155b47f901ed523b,r_cert,lz089.com,17828cb1f5c08520287226474b1f33eab30d05949227762e155b47f901ed523b
gf296.com_www.gf296.com,r_subdomain,gf296.com,www.gf296.com
gf296.com_9c4ee65120b12d5c7e5fd245ed88fc2e3903b258f58b24f95f5cef9c1d62b3ef,r_cert,gf296.com,9c4ee65120b12d5c7e5fd245ed88fc2e3903b258f58b24f95f5cef9c1d62b3ef
vp522.com_www.vp522.com,r_subdomain,vp522.com,www.vp522.com
vp522.com_9c4ee65120b12d5c7e5fd245ed88fc2e3903b258f58b24f95f5cef9c1d62b3ef,r_cert,vp522.com,9c4ee65120b12d5c7e5fd245ed88fc2e3903b258f58b24f95f5cef9c1d62b3ef
sv684.com_www.sv684.com,r_subdomain,sv684.com,www.sv684.com
sv684.com_9c4ee65120b12d5c7e5fd245ed88fc2e3903b258f58b24f95f5cef9c1d62b3ef,r_cert,sv684.com,9c4ee65120b12d5c7e5fd245ed88fc2e3903b258f58b24f95f5cef9c1d62b3ef
www.9079t.com_9c4ee65120b12d5c7e5fd245ed88fc2e3903b258f58b24f95f5cef9c1d62b3ef,r_cert,www.9079t.com,9c4ee65120b12d5c7e5fd245ed88fc2e3903b258f58b24f95f5cef9c1d62b3ef
www.ah438.com_sgfe.zo002.com,r_dns_cname,www.ah438.com,sgfe.zo002.com
www.ah438.com_9c4ee65120b12d5c7e5fd245ed88fc2e3903b258f58b24f95f5cef9c1d62b3ef,r_cert,www.ah438.com,9c4ee65120b12d5c7e5fd245ed88fc2e3903b258f58b24f95f5cef9c1d62b3ef
www.pl831.com_sgfe.zo002.com,r_dns_cname,www.pl831.com,sgfe.zo002.com
www.pl831.com_9c4ee65120b12d5c7e5fd245ed88fc2e3903b258f58b24f95f5cef9c1d62b3ef,r_cert,www.pl831.com,9c4ee65120b12d5c7e5fd245ed88fc2e3903b258f58b24f95f5cef9c1d62b3ef
www.ut563.com_sgfe.zo002.com,r_dns_cname,www.ut563.com,sgfe.zo002.com
www.ut563.com_9c4ee65120b12d5c7e5fd245ed88fc2e3903b258f58b24f95f5cef9c1d62b3ef,r_cert,www.ut563.com,9c4ee65120b12d5c7e5fd245ed88fc2e3903b258f58b24f95f5cef9c1d62b3ef
www.uo933.com_sgfe.zo002.com,r_dns_cname,www.uo933.com,sgfe.zo002.com
www.uo933.com_9c4ee65120b12d5c7e5fd245ed88fc2e3903b258f58b24f95f5cef9c1d62b3ef,r_cert,www.uo933.com,9c4ee65120b12d5c7e5fd245ed88fc2e3903b258f58b24f95f5cef9c1d62b3ef
www.xt816.com_sgfe.zo002.com,r_dns_cname,www.xt816.com,sgfe.zo002.com
www.xt816.com_9c4ee65120b12d5c7e5fd245ed88fc2e3903b258f58b24f95f5cef9c1d62b3ef,r_cert,www.xt816.com,9c4ee65120b12d5c7e5fd245ed88fc2e3903b258f58b24f95f5cef9c1d62b3ef
www.ev185.com_sgfe.zo002.com,r_dns_cname,www.ev185.com,sgfe.zo002.com
www.ev185.com_9c4ee65120b12d5c7e5fd245ed88fc2e3903b258f58b24f95f5cef9c1d62b3ef,r_cert,www.ev185.com,9c4ee65120b12d5c7e5fd245ed88fc2e3903b258f58b24f95f5cef9c1d62b3ef
www.wp107.com_sgfe.zo002.com,r_dns_cname,www.wp107.com,sgfe.zo002.com
www.wp107.com_9c4ee65120b12d5c7e5fd245ed88fc2e3903b258f58b24f95f5cef9c1d62b3ef,r_cert,www.wp107.com,9c4ee65120b12d5c7e5fd245ed88fc2e3903b258f58b24f95f5cef9c1d62b3ef
www.jo165.com_sgfe.zo002.com,r_dns_cname,www.jo165.com,sgfe.zo002.com
www.jo165.com_9c4ee65120b12d5c7e5fd245ed88fc2e3903b258f58b24f95f5cef9c1d62b3ef,r_cert,www.jo165.com,9c4ee65120b12d5c7e5fd245ed88fc2e3903b258f58b24f95f5cef9c1d62b3ef
www.wp470.com_sgfe.zo002.com,r_dns_cname,www.wp470.com,sgfe.zo002.com
www.wp470.com_9c4ee65120b12d5c7e5fd245ed88fc2e3903b258f58b24f95f5cef9c1d62b3ef,r_cert,www.wp470.com,9c4ee65120b12d5c7e5fd245ed88fc2e3903b258f58b24f95f5cef9c1d62b3ef
www.hl029.com_sgfe.zo002.com,r_dns_cname,www.hl029.com,sgfe.zo002.com
www.hl029.com_9c4ee65120b12d5c7e5fd245ed88fc2e3903b258f58b24f95f5cef9c1d62b3ef,r_cert,www.hl029.com,9c4ee65120b12d5c7e5fd245ed88fc2e3903b258f58b24f95f5cef9c1d62b3ef
www.fb050.com_sgfe.zo002.com,r_dns_cname,www.fb050.com,sgfe.zo002.com
www.fb050.com_9c4ee65120b12d5c7e5fd245ed88fc2e3903b258f58b24f95f5cef9c1d62b3ef,r_cert,www.fb050.com,9c4ee65120b12d5c7e5fd245ed88fc2e3903b258f58b24f95f5cef9c1d62b3ef
