name,type,page,graph_name,title,industry,is_alive
0-24florist.com,Domain,-1,0-24florist.com_涉黄,"韩国三级,日本三级网,香港经典三级,日本韩国三级观看,三级片网站,三级片2020免费观看",涉黄,True
www.0-24florist.com,Domain,-1,www.0-24florist.com,,,
23.80.106.67,IP,-1,23.80.106.67,,,
REDACTED FOR PRIVACY,Whois_Phone,0,REDACTED FOR PRIVACY,,,
23.80.106.0/24,IP_CIDR,0,23.80.106.0/24,,,
cnjhjxsb.com,Domain,-1,cnjhjxsb.com_涉黄,国产av在在免费线观看-在线看黄av免费-黄网站色视频免费-可以免费观看的av毛片-91福利国产在线观看-人人超人人超碰超国产,涉黄,True
www.cnjhjxsb.com,Domain,-1,www.cnjhjxsb.com,,,
www.gxnnwd.com,Domain,-1,www.gxnnwd.com,,,
gxnnwd.com,Domain,-1,gxnnwd.com_涉黄,"成人电影网,三级片网站,最新成人电影,三级片电影,黄色三级片,欧美三级片,韩国三级片",涉黄,True
AS395954,ASN,0,AS395954,,,
academiasolma.com,Domain,-1,academiasolma.com,Join.chat;SOLMA Cursos Online – Capacitación y Consultoría;301 Moved Permanently,,True
tobie.world,Domain,-1,tobie.world,,,
bliuxue.com,Domain,-1,bliuxue.com,301 Moved Permanently;301 Moved Permanently,,True
www.bliuxue.com,Domain,-1,www.bliuxue.com,,,
www.slimdoo-shop.com,Domain,-1,www.slimdoo-shop.com,,,
punkfamily.com,Domain,-1,punkfamily.com,,,
2619nv.com,Domain,-1,2619nv.com,None;403 Forbidden,,True
www.punkfamily.com,Domain,-1,www.punkfamily.com,,,
1760so.com,Domain,-1,1760so.com,None;403 Forbidden,,True
www.worxzilla.com,Domain,-1,www.worxzilla.com,,,
dionysos-systeme.com,Domain,-1,dionysos-systeme.com,;Not Found,,True
pequeahinge.com,Domain,-1,pequeahinge.com,,,
gdhdslc.com,Domain,-1,gdhdslc.com,吴川市塘尾浩达绳缆厂,,True
aftercommunication.com,Domain,-1,aftercommunication.com,After Communication is under construction;After Communication is under construction,,True
www.bluespeartrading.com,Domain,-1,www.bluespeartrading.com,,,
sdleap.com,Domain,-1,sdleap.com,,,
www.gaoxiao555.com,Domain,-1,www.gaoxiao555.com,,,
gaoxiao555.com,Domain,-1,gaoxiao555.com_涉黄,Not Found;男女AA片免费_男女超爽视频免费播放,涉黄,True
2490ro.com,Domain,-1,2490ro.com_涉黄,None;403 Forbidden;泡泡直播,涉黄,True
www.kassel.life,Domain,-1,www.kassel.life,,,
www.academiasolma.com,Domain,-1,www.academiasolma.com,,,
35.209.107.99,IP,2,35.209.107.99,,,
1be5e443a9b05ec112dfd3b143b5d61247ff5cb09dc102968ab371f13b46dccc,Cert_SHA256,0,1be5e443a9b05ec112dfd3b143b5d61247ff5cb09dc102968ab371f13b46dccc,,,
www.tobie.world,Domain,-1,www.tobie.world,,,
34.102.136.180,IP,2,34.102.136.180,,,
104.164.39.145,IP,-1,104.164.39.145,,,
a1f7216e2ef28a7dc3a20039003ea71edbcfc960304a80a505574a71b30d474a,Cert_SHA256,0,a1f7216e2ef28a7dc3a20039003ea71edbcfc960304a80a505574a71b30d474a,,,
slimdoo-shop.com,Domain,-1,slimdoo-shop.com,,,
188.130.46.108,IP,-1,188.130.46.108,,,
0ab43b2d314d2168977c2476b28eedb64dc2d5aaeea6cf667fcea79e3075d996,Cert_SHA256,0,0ab43b2d314d2168977c2476b28eedb64dc2d5aaeea6cf667fcea79e3075d996,,,
rat2tereeo2ktz0ow5r8@d.o-w-o.info,Whois_Email,0,rat2tereeo2ktz0ow5r8@d.o-w-o.info,,,
5zthy0gskcuu9tvt664e@y.o-w-o.info,Whois_Email,0,5zthy0gskcuu9tvt664e@y.o-w-o.info,,,
213.186.33.5,IP,2,213.186.33.5,,,
uxzc3669bbhbl9r7knxj@h.o-w-o.info,Whois_Email,0,uxzc3669bbhbl9r7knxj@h.o-w-o.info,,,
9vkm822m41sh354rnt5l@d.o-w-o.info,Whois_Email,0,9vkm822m41sh354rnt5l@d.o-w-o.info,,,
www.2619nv.com,Domain,-1,www.2619nv.com,,,
ns2.v1271.com,Domain,-1,ns2.v1271.com,,,
sgfy.zo002.com,Domain,0,sgfy.zo002.com,,,
154.213.28.25,IP,-1,154.213.28.25,,,
154.197.4.102,IP,0,154.197.4.102,,,
9c4ee65120b12d5c7e5fd245ed88fc2e3903b258f58b24f95f5cef9c1d62b3ef,Cert_SHA256,0,9c4ee65120b12d5c7e5fd245ed88fc2e3903b258f58b24f95f5cef9c1d62b3ef,,,
www.1760so.com,Domain,-1,www.1760so.com,,,
sf05-8.1760so.com,Domain,-1,sf05-8.1760so.com,,,
worxzilla.com,Domain,-1,worxzilla.com,,,
91.195.241.136,IP,2,91.195.241.136,,,
REDACTED.FORPRIVACY,Whois_Phone,0,REDACTED.FORPRIVACY,,,
www.dionysos-systeme.com,Domain,-1,www.dionysos-systeme.com,,,
54.36.177.104,IP,-1,54.36.177.104,,,
1733e71fe0372ec39d86121c18c99ed1a1d6f396d8aba01ed06534a985f84af0,Cert_SHA256,0,1733e71fe0372ec39d86121c18c99ed1a1d6f396d8aba01ed06534a985f84af0,,,
ky9xln0pxwm1ra35qw4l@s.o-w-o.info,Whois_Email,0,ky9xln0pxwm1ra35qw4l@s.o-w-o.info,,,
mfsjj6w2hhd2x7eltfas@k.o-w-o.info,Whois_Email,0,mfsjj6w2hhd2x7eltfas@k.o-w-o.info,,,
www.pequeahinge.com,Domain,-1,www.pequeahinge.com,,,
154.220.86.78,IP,-1,154.220.86.78,,,
www.gdhdslc.com,Domain,-1,www.gdhdslc.com,,,
221.231.138.11,IP,2,221.231.138.11,,,
www.aftercommunication.com,Domain,-1,www.aftercommunication.com,,,
93.191.156.245,IP,2,93.191.156.245,,,
4a597f8a3eee49e9f2bc42c6079d9fd53a313d3f62ae4b14c05357cdd197c26d,Cert_SHA256,0,4a597f8a3eee49e9f2bc42c6079d9fd53a313d3f62ae4b14c05357cdd197c26d,,,
info@domain-contact.org,Whois_Email,0,info@domain-contact.org,,,
bluespeartrading.com,Domain,-1,bluespeartrading.com,,,True
74.208.236.9,IP,2,74.208.236.9,,,
dataprivacyprotected@1und1.de,Whois_Email,0,dataprivacyprotected@1und1.de,,,
www.sdleap.com,Domain,-1,www.sdleap.com,,,
23.82.236.109,IP,-1,23.82.236.109,,,
154.222.162.42,IP,-1,154.222.162.42,,,
8c90c1025e5928e64dbe23e126a4b682310fd66e489d26eb3dd97126a18f0612,Cert_SHA256,0,8c90c1025e5928e64dbe23e126a4b682310fd66e489d26eb3dd97126a18f0612,,,
sf58-2.2490ro.com,Domain,-1,sf58-2.2490ro.com,,,
www.2490ro.com,Domain,-1,www.2490ro.com,,,
sf67-0.2490ro.com,Domain,-1,sf67-0.2490ro.com,,,
kassel.life,Domain,-1,kassel.life,,,
52.58.78.16,IP,2,52.58.78.16,,,
1964eb34c269ee107687bb646f69436ae535989cb9abf54541e6104e2222fc30,Cert_SHA256,0,1964eb34c269ee107687bb646f69436ae535989cb9abf54541e6104e2222fc30,,,
866522733eb0f97b1a78c5056f6fae4c85e74cdd3ef35f7f51275ade7e7d1433,Cert_SHA256,0,866522733eb0f97b1a78c5056f6fae4c85e74cdd3ef35f7f51275ade7e7d1433,,,
ns1.v1271.com,Domain,0,ns1.v1271.com,,,
sgfe.zo002.com,Domain,0,sgfe.zo002.com,,,
154.197.5.102,IP,0,154.197.5.102,,,
v1271.com,Domain,-1,v1271.com,,,
7308m.com,Domain,-1,7308m.com,None;403 Forbidden,,True
ig519.com,Domain,-1,ig519.com_涉黄,None;None,涉黄,True
9079t.com,Domain,-1,9079t.com_涉黄,None;403 Forbidden;泡泡直播,涉黄,True
zo002.com,Domain,-1,zo002.com,,,
di432.com,Domain,-1,di432.com_涉黄,None;None,涉黄,True
pw402.com,Domain,-1,pw402.com,,,
ue026.com,Domain,-1,ue026.com,,,
qv049.com,Domain,-1,qv049.com,,,
vz417.com,Domain,-1,vz417.com,,,
pd945.com,Domain,-1,pd945.com,,,
vo825.com,Domain,-1,vo825.com,,,
wf640.com,Domain,-1,wf640.com,,,
qt145.com,Domain,-1,qt145.com,,,
ux855.com,Domain,-1,ux855.com,,,
vj781.com,Domain,-1,vj781.com,,,
be312.com,Domain,-1,be312.com_涉黄,None;None,涉黄,True
io133.com,Domain,-1,io133.com,,,
23cae25a89610062572ece96778d85cdd4964bb82a6dcdabd0b9c1cbaf634de8,Cert_SHA256,0,23cae25a89610062572ece96778d85cdd4964bb82a6dcdabd0b9c1cbaf634de8,,,
uk331.com,Domain,-1,uk331.com,,,
fb050.com,Domain,-1,fb050.com_涉黄,泡泡直播APP下载;None,涉黄,True
wp470.com,Domain,-1,wp470.com,,,
hl029.com,Domain,-1,hl029.com_涉黄,None;None,涉黄,True
jo165.com,Domain,-1,jo165.com,,,
wp107.com,Domain,-1,wp107.com,,,
ev185.com,Domain,-1,ev185.com_涉黄,None;None,涉黄,True
xt816.com,Domain,-1,xt816.com,,,
uo933.com,Domain,-1,uo933.com,,,
ut563.com,Domain,-1,ut563.com,,,
ah438.com,Domain,-1,ah438.com,None,,True
pl831.com,Domain,-1,pl831.com,,,
sv684.com,Domain,-1,sv684.com,,,
vp522.com,Domain,-1,vp522.com,,,
gf296.com,Domain,-1,gf296.com_涉黄,None;泡泡直播APP下载,涉黄,True
lz089.com,Domain,-1,lz089.com,,,
rz541.com,Domain,-1,rz541.com,,,
nf457.com,Domain,-1,nf457.com,,,
gq488.com,Domain,0,gq488.com_涉黄,None;None,涉黄,True
wn437.com,Domain,-1,wn437.com,,,
sebo6666.com,Domain,0,sebo6666.com,,,
kanbo555.com,Domain,0,kanbo555.com,,,
kuaikan556.com,Domain,0,kuaikan556.com,,,
dan.com,Domain,0,dan.com,域名algalabs.com待售;域名tekfinder.com待售;域名nonnatural.com待售;域名76ca.com待售;域名WOWPALACE.COM待售;域名therealpt.com待售;域名datametrica.com待售;域名TraderExtra.com待售;域名byonyx.com待售;域名Countist.com待售;;域名Hadaik.com待售;域名wonaka.com待售;域名zvjd.com待售;域名shortpin.com待售;域名ramenterprise.com待售;域名dragonflysprings.com待售;域名vapingus.com待售;域名topdevops.com待售;域名lenop.com待售;;域名Maysaa.com待售;域名TitaniumPros.com待售;域名HuaxiPump.com待售;域名Anchorfy.com待售;域名iCityInc.com待售;域名mpips.com待售;域名TryDuo.com待售;域名suvaasa.com待售;域名barguL.com待售;域名TampaCityGuide.com待售;域名XEGG.com待售;域名ligfx.com待售;域名ecoshungite.com待售;域名Udater.com待售;域名jgirc.com待售;域名yukmei.com待售;域名ostconverter.com待售;域名PopMania.com待售;域名mvtoo.com待售,,True
sf45-0.9079t.com,Domain,0,sf45-0.9079t.com,,,
sf47-3.sfyl.good968.cc,Domain,0,sf47-3.sfyl.good968.cc,,,
sf156-0.7308m.com,Domain,0,sf156-0.7308m.com,,,
sf45-9.9079t.com,Domain,0,sf45-9.9079t.com,,,
www.7308m.com,Domain,0,www.7308m.com,,,
www.ig519.com,Domain,0,www.ig519.com,,,
www.9079t.com,Domain,-1,www.9079t.com,,,
v1273.com,Domain,0,v1273.com,,,
c7683.com,Domain,0,c7683.com,403 Forbidden;None,,True
www.c7683.com,Domain,0,www.c7683.com,,,
sf122-3.sfyl.apdaa.com,Domain,0,sf122-3.sfyl.apdaa.com,,,
5.254.33.39,IP,0,5.254.33.39,,,
www.di432.com,Domain,0,www.di432.com,,,
www.qv049.com,Domain,0,www.qv049.com,,,
www.pw402.com,Domain,0,www.pw402.com,,,
www.ue026.com,Domain,0,www.ue026.com,,,
www.vz417.com,Domain,0,www.vz417.com,,,
www.pd945.com,Domain,0,www.pd945.com,,,
www.vo825.com,Domain,0,www.vo825.com,,,
www.wf640.com,Domain,0,www.wf640.com,,,
www.qt145.com,Domain,0,www.qt145.com,,,
www.ux855.com,Domain,0,www.ux855.com,,,
www.vj781.com,Domain,0,www.vj781.com,,,
www.be312.com,Domain,0,www.be312.com,,,
cdn.v1271.com,Domain,0,cdn.v1271.com,403 Forbidden;403 Forbidden,,True
gf.v1271.com,Domain,0,gf.v1271.com_涉黄,没有找到站点;盘她官方,涉黄,True
ns22.v1271.com,Domain,0,ns22.v1271.com,,,
ns21.v1271.com,Domain,0,ns21.v1271.com,,,
17828cb1f5c08520287226474b1f33eab30d05949227762e155b47f901ed523b,Cert_SHA256,0,17828cb1f5c08520287226474b1f33eab30d05949227762e155b47f901ed523b,,,
3021s.com,Domain,-1,3021s.com,None;403 Forbidden,,True
3875h.com,Domain,0,3875h.com_涉黄,None;None,涉黄,True
6056g.com,Domain,0,6056g.com_涉黄,None;None,涉黄,True
3395i.com,Domain,0,3395i.com,403 Forbidden;None,,True
9969f.com,Domain,0,9969f.com,403 Forbidden;None,,True
9320b.com,Domain,0,9320b.com,None;403 Forbidden,,True
4966g.com,Domain,0,4966g.com_涉黄,None;None,涉黄,True
5417q.com,Domain,0,5417q.com,403 Forbidden;None,,True
6935v.com,Domain,0,6935v.com,None;403 Forbidden,,True
1454u.com,Domain,0,1454u.com,None;403 Forbidden,,True
4612k.com,Domain,0,4612k.com,None;403 Forbidden,,True
2695x.com,Domain,0,2695x.com,None;403 Forbidden,,True
5610f.com,Domain,0,5610f.com,None;403 Forbidden,,True
2221w.com,Domain,0,2221w.com,403 Forbidden;None,,True
8023j.com,Domain,0,8023j.com,None;403 Forbidden,,True
9631c.com,Domain,0,9631c.com_涉黄,None;泡泡直播,涉黄,True
8372k.com,Domain,0,8372k.com,403 Forbidden;None,,True
0333j.com,Domain,0,0333j.com_涉黄,None;None,涉黄,True
9196f.com,Domain,0,9196f.com,403 Forbidden;None,,True
2329r.com,Domain,0,2329r.com,None;403 Forbidden,,True
www.io133.com,Domain,0,www.io133.com,,,
www.uk331.com,Domain,0,www.uk331.com,,,
www.fb050.com,Domain,-1,www.fb050.com,,,
www.wp470.com,Domain,-1,www.wp470.com,,,
www.hl029.com,Domain,-1,www.hl029.com,,,
www.jo165.com,Domain,-1,www.jo165.com,,,
www.wp107.com,Domain,-1,www.wp107.com,,,
www.ev185.com,Domain,-1,www.ev185.com,,,
www.xt816.com,Domain,-1,www.xt816.com,,,
www.uo933.com,Domain,-1,www.uo933.com,,,
www.ut563.com,Domain,-1,www.ut563.com,,,
www.ah438.com,Domain,-1,www.ah438.com,,,
www.pl831.com,Domain,-1,www.pl831.com,,,
154.197.4.0/24,IP_CIDR,0,154.197.4.0/24,,,
154.213.28.0/24,IP_CIDR,0,154.213.28.0/24,,,
52.58.78.0/24,IP_CIDR,0,52.58.78.0/24,,,
www.findabl.com,Domain,0,www.findabl.com,,,
pinaj.com,Domain,0,pinaj.com,,,
tagobypana.com,Domain,0,tagobypana.com,,,
torqueunlimited.com,Domain,0,torqueunlimited.com,,,
www.tagobypana.com,Domain,0,www.tagobypana.com,,,
fikisha.com,Domain,0,fikisha.com,;;;,,True
darlingtonplumber.com,Domain,0,darlingtonplumber.com,;域名DarlingtonPlumber.com待售;;,,True
yuurraa.com,Domain,0,yuurraa.com,,,
www.router.group,Domain,0,www.router.group,,,
www.darlingtonplumber.com,Domain,0,www.darlingtonplumber.com,,,
www.torqueunlimited.com,Domain,0,www.torqueunlimited.com,,,
tabedzki.com,Domain,0,tabedzki.com,,,
americandentalspecialist.com,Domain,0,americandentalspecialist.com,;;;,,True
yumbucha.com,Domain,0,yumbucha.com,,,
www.yumbucha.com,Domain,0,www.yumbucha.com,,,
www.apphosting.info,Domain,0,www.apphosting.info,,,
novi.plus,Domain,0,novi.plus,,,
154.197.5.0/24,IP_CIDR,0,154.197.5.0/24,,,
23.82.236.0/24,IP_CIDR,0,23.82.236.0/24,,,
buys189.com,Domain,0,buys189.com,,,True
www.buys189.com,Domain,0,www.buys189.com,,,
AS7203,ASN,0,AS7203,,,
74.208.236.0/24,IP_CIDR,0,74.208.236.0/24,,,
www.algorithmequity.com,Domain,0,www.algorithmequity.com,,,
algorithmequity.com,Domain,0,algorithmequity.com,301 Moved Permanently,,True
www.earthangelconsortium.net,Domain,0,www.earthangelconsortium.net,,,
earthangelconsortium.net,Domain,0,earthangelconsortium.net,None,,True
cyrcoconstruction.com,Domain,0,cyrcoconstruction.com,,,True
wellsvilletechnologies.com,Domain,0,wellsvilletechnologies.com,,,
localeminence.com,Domain,0,localeminence.com,,,
www.localeminence.com,Domain,0,www.localeminence.com,,,
mercyvineyard.church,Domain,0,mercyvineyard.church,,,
www.mercyvineyard.church,Domain,0,www.mercyvineyard.church,,,
bordertruckingroup.com,Domain,0,bordertruckingroup.com,BTC Insurance Services – An arm of Border Trucking Compliance,,True
earthangelconsortium.com,Domain,0,earthangelconsortium.com,None,,True
www.earthangelconsortium.com,Domain,0,www.earthangelconsortium.com,,,
gayrateme.com,Domain,0,gayrateme.com,Gay Rate Me - Share Your Photos And Get Rated;301 Moved Permanently,,True
commoninterior.com,Domain,0,commoninterior.com,403 Forbidden;403 Forbidden,,True
8segundosbar.com,Domain,0,8segundosbar.com,8segundosbar;8segundosbar,,True
www.commoninterior.com,Domain,0,www.commoninterior.com,,,
aplus-electrical.com,Domain,0,aplus-electrical.com,,,True
93.191.156.0/24,IP_CIDR,0,93.191.156.0/24,,,
ps-housinghotels.com,Domain,0,ps-housinghotels.com,,,
juansese.com,Domain,0,juansese.com,,,
www.juansese.com,Domain,0,www.juansese.com,,,
www.daryeel-bank.com,Domain,0,www.daryeel-bank.com,,,
daryeel-bank.com,Domain,0,daryeel-bank.com,302 Found;daryeel-bank.com is hosted by Simply.com,,True
cwt.one,Domain,0,cwt.one,Copenhagen Water Taxi;,,True
www.cwt.one,Domain,0,www.cwt.one,,,
www.recarokidsdanmark.dk,Domain,0,www.recarokidsdanmark.dk,,,
niramclicks.com,Domain,0,niramclicks.com,,,
www.niramclicks.com,Domain,0,www.niramclicks.com,,,
www.danishtownmexico.com,Domain,0,www.danishtownmexico.com,,,
www.ziedenborg.com,Domain,0,www.ziedenborg.com,,,
www.feelsw.pro,Domain,0,www.feelsw.pro,,,
feelsw.pro,Domain,0,feelsw.pro,302 Found;feelsw.pro is hosted by Simply.com,,True
treveoh.com,Domain,0,treveoh.com,,,
www.isfuglen.com,Domain,0,www.isfuglen.com,,,
isfuglen.com,Domain,0,isfuglen.com,,,
lilacmeadow.com,Domain,0,lilacmeadow.com,,,
221.231.138.0/24,IP_CIDR,0,221.231.138.0/24,,,
www.afzs.top,Domain,0,www.afzs.top,,,
za-pp.top,Domain,0,za-pp.top,,,
www.jsxszwksb.com,Domain,0,www.jsxszwksb.com,,,
www.xhwsc.top,Domain,0,www.xhwsc.top,,,
www.xzlfls.com,Domain,0,www.xzlfls.com,,,
yhlh888.com,Domain,0,yhlh888.com,,,
www.meiernaitec.com,Domain,0,www.meiernaitec.com,,,
meiernaitec.com,Domain,0,meiernaitec.com,,,
www.dcsymc.com,Domain,0,www.dcsymc.com,,,
dcsymc.com,Domain,0,dcsymc.com,,,True
www.jsjsyld.com,Domain,0,www.jsjsyld.com,,,
xintang888.com,Domain,0,xintang888.com,,,
www.dclhkj.com,Domain,0,www.dclhkj.com,,,
sqhhs.com,Domain,0,sqhhs.com,,,
jsydcr.com,Domain,0,jsydcr.com,,,
jsjsy168.com,Domain,0,jsjsy168.com,,,
dcdsh.com,Domain,0,dcdsh.com,灯饰画制作|幕墙灯饰画设计|节日灯饰画厂家|商场灯饰画策划|LED灯饰画安装|户外灯饰画工厂|灯光节价格|彩灯|亮化|商业美陈--江苏灯创亮化科技有限公司,,True
www.jsjsyny.com,Domain,0,www.jsjsyny.com,,,
154.220.86.0/24,IP_CIDR,0,154.220.86.0/24,,,
www.kevinstewartfishing.com,Domain,0,www.kevinstewartfishing.com,,,
fayemarsh.com,Domain,0,fayemarsh.com,301 Moved Permanently,,True
www.thecoffeeshopcoach.com,Domain,0,www.thecoffeeshopcoach.com,,,
gooldie.com,Domain,0,gooldie.com,301 Moved Permanently,,True
www.gooldie.com,Domain,0,www.gooldie.com,,,
www.carolinagumbaya.com,Domain,0,www.carolinagumbaya.com,,,
carolinagumbaya.com,Domain,0,carolinagumbaya.com,301 Moved Permanently,,True
buyinglegalfees.com,Domain,0,buyinglegalfees.com,301 Moved Permanently,,True
www.buyinglegalfees.com,Domain,0,www.buyinglegalfees.com,,,
kevinstewartfishing.com,Domain,0,kevinstewartfishing.com,,,
thecoffeeshopcoach.com,Domain,0,thecoffeeshopcoach.com,,,
www.yanaitang.com,Domain,0,www.yanaitang.com,,,
www.fayemarsh.com,Domain,0,www.fayemarsh.com,,,
yanaitang.com,Domain,0,yanaitang.com,,,
AS133201,ASN,0,AS133201,,,
54.36.177.0/24,IP_CIDR,0,54.36.177.0/24,,,
AS16276,ASN,0,AS16276,,,
91.195.241.0/24,IP_CIDR,0,91.195.241.0/24,,,
www.pumpyourpenis.com,Domain,0,www.pumpyourpenis.com,,,
www.areffi.com,Domain,0,www.areffi.com,,,
www.cardsblockchain.com,Domain,0,www.cardsblockchain.com,,,
www.blackgunownersassociation.net,Domain,0,www.blackgunownersassociation.net,,,
ohduo.com,Domain,0,ohduo.com,,,
www.ohduo.com,Domain,0,www.ohduo.com,,,
www.iotlegalgroup.com,Domain,0,www.iotlegalgroup.com,,,
wemob.net,Domain,0,wemob.net,,,
sexskino.com,Domain,0,sexskino.com,,,
coloradoave.com,Domain,0,coloradoave.com_域名出售,;coloradoave.com - 这个网站可出售。 - 最佳的coloradoave 来源和相关信息。,域名出售,True
mekometer.com,Domain,0,mekometer.com,,,
www.btcmin.net,Domain,0,www.btcmin.net,,,
www.metronomeplus.com,Domain,0,www.metronomeplus.com,,,
www.getafricanname.com,Domain,0,www.getafricanname.com,,,
btcmin.net,Domain,0,btcmin.net,;,,True
www.2019ok.net,Domain,0,www.2019ok.net,,,
www.crypto-usd.com,Domain,0,www.crypto-usd.com,,,
2019ok.net,Domain,0,2019ok.net_域名出售,2019ok.net - 这个网站可出售。 - 最佳的2019ok 来源和相关信息。;,域名出售,True
188.130.46.0/24,IP_CIDR,0,188.130.46.0/24,,,
www.objectif-heureux.com,Domain,0,www.objectif-heureux.com,,,
objectif-heureux.com,Domain,0,objectif-heureux.com,,,
www.objectif-motivation.com,Domain,0,www.objectif-motivation.com,,,
objectif-motivation.com,Domain,0,objectif-motivation.com,,,
www.je-reste-au-top.com,Domain,0,www.je-reste-au-top.com,,,
je-reste-au-top.com,Domain,0,je-reste-au-top.com,,,
nous-sommes-motives.com,Domain,0,nous-sommes-motives.com,,,
www.nous-sommes-motives.com,Domain,0,www.nous-sommes-motives.com,,,
www.forme-et-motivation.com,Domain,0,www.forme-et-motivation.com,,,
forme-et-motivation.com,Domain,0,forme-et-motivation.com,;301 Moved Permanently,,True
www.motivation-gagnante.com,Domain,0,www.motivation-gagnante.com,,,
motivation-gagnante.com,Domain,0,motivation-gagnante.com,,,
www.top-et-bien.com,Domain,0,www.top-et-bien.com,,,
top-et-bien.com,Domain,0,top-et-bien.com,,,
www.on-est-en-forme.com,Domain,0,www.on-est-en-forme.com,,,
www.on-reste-en-forme.com,Domain,0,www.on-reste-en-forme.com,,,
on-est-en-forme.com,Domain,0,on-est-en-forme.com,,,
zenitude-forme.com,Domain,0,zenitude-forme.com,,,
34.102.136.0/24,IP_CIDR,0,34.102.136.0/24,,,
leschinewconstruction.com,Domain,0,leschinewconstruction.com,,,
www.disruptiv-power.com,Domain,0,www.disruptiv-power.com,,,
chiaratanganelli.com,Domain,0,chiaratanganelli.com,None,,True
mydirectleasing.com,Domain,0,mydirectleasing.com,,,
cotswoldsaupair.com,Domain,0,cotswoldsaupair.com,None,,True
steamboatlakeboatrentals.com,Domain,0,steamboatlakeboatrentals.com,,,
www.jaccorubens.com,Domain,0,www.jaccorubens.com,,,
www.leschinewconstruction.com,Domain,0,www.leschinewconstruction.com,,,
hanrabenstudios.com,Domain,0,hanrabenstudios.com,None,,True
pagteam.com,Domain,0,pagteam.com,,,
teaklink.com,Domain,0,teaklink.com,,,
madepngareptelulikur.com,Domain,0,madepngareptelulikur.com,,,
www.storagemo.com,Domain,0,www.storagemo.com,,,
www.legacylandmarksusa.com,Domain,0,www.legacylandmarksusa.com,,,
christianspeechdebate.com,Domain,0,christianspeechdebate.com,None,,True
www.iwillindustries.com,Domain,0,www.iwillindustries.com,,,
iwillindustries.com,Domain,0,iwillindustries.com,,,
opulentgifting.com,Domain,0,opulentgifting.com,,,
35.209.107.0/24,IP_CIDR,0,35.209.107.0/24,,,
www.miimanu.com,Domain,0,www.miimanu.com,,,
miimanu.com,Domain,0,miimanu.com,,,
bestcarstereo.net,Domain,0,bestcarstereo.net,301 Moved Permanently;Car Stereo - Car Stereo Reviews,,True
www.musemanifestor.com,Domain,0,www.musemanifestor.com,,,
www.jonessunsetsauce.com,Domain,0,www.jonessunsetsauce.com,,,
feminitycolombia.com,Domain,0,feminitycolombia.com,FEMINITY - Ropa para mujer y moda femenina Bucaramanga Colombia;301 Moved Permanently,,True
lite-office.com,Domain,0,lite-office.com,,,
www.toptermitetechnicians.com,Domain,0,www.toptermitetechnicians.com,,,
toptermitetechnicians.com,Domain,0,toptermitetechnicians.com,,,
www.keyvanmokhtari.com,Domain,0,www.keyvanmokhtari.com,,,
joeramirezhd12.com,Domain,0,joeramirezhd12.com,,,
effathaenglish.com,Domain,0,effathaenglish.com,301 Moved Permanently;Coming Soon Template – My WordPress,,True
parrillaspremium.com,Domain,0,parrillaspremium.com,,,
www.freebasicgerman.com,Domain,0,www.freebasicgerman.com,,,
www.parrillaspremium.com,Domain,0,www.parrillaspremium.com,,,
www.deepcreekmeadowsranch.com,Domain,0,www.deepcreekmeadowsranch.com,,,
coupon7sry.com,Domain,0,coupon7sry.com,;Join.chat;كوبون حصري: أفضل موقع كوبونات وأكواد الخصم وعروض المتاجر,,True
www.helloholisticlife.com,Domain,0,www.helloholisticlife.com,,,
104.164.39.0/24,IP_CIDR,0,104.164.39.0/24,,,
AS18779,ASN,0,AS18779,,,
213.186.33.0/24,IP_CIDR,0,213.186.33.0/24,,,
www.rts-tranports.com,Domain,0,www.rts-tranports.com,,,
www.leconsultunisie.com,Domain,0,www.leconsultunisie.com,,,
europe-sources.info,Domain,0,europe-sources.info,302 Found,,True
leconsultunisie.com,Domain,0,leconsultunisie.com,,,
riva-elite.com,Domain,0,riva-elite.com,,,
www.ulteriorite.net,Domain,0,www.ulteriorite.net,,,
www.biere-academy.com,Domain,0,www.biere-academy.com,,,
biere-academy.com,Domain,0,biere-academy.com,302 Found,,True
to-be-locked.com,Domain,0,to-be-locked.com,,,
www.teamwithattitude.com,Domain,0,www.teamwithattitude.com,,,
www.checkup-test.com,Domain,0,www.checkup-test.com,,,
checkup-test.com,Domain,0,checkup-test.com,302 Found,,True
www.jaimemoncaviste.net,Domain,0,www.jaimemoncaviste.net,,,
jaimemoncaviste.net,Domain,0,jaimemoncaviste.net,,,
www.myhallal-academy.com,Domain,0,www.myhallal-academy.com,,,
ikerpiris.com,Domain,0,ikerpiris.com,302 Found,,True
www.h2oterp.com,Domain,0,www.h2oterp.com,,,
154.222.162.0/24,IP_CIDR,0,154.222.162.0/24,,,
AS134705,ASN,0,AS134705,,,
www.ikerpiris.com,Domain,0,www.ikerpiris.com,,,
commeundimanchematin.com,Domain,0,commeundimanchematin.com,,,True
www.saintexuperyexpo.net,Domain,0,www.saintexuperyexpo.net,,,
www.commeundimanchematin.com,Domain,0,www.commeundimanchematin.com,,,
www.xn--ouico-dsa.com,Domain,0,www.xn--ouico-dsa.com,,,
saintexuperyexpo.net,Domain,0,saintexuperyexpo.net,,,
www.verkor-energy.com,Domain,0,www.verkor-energy.com,,,
bejaofood.com,Domain,0,bejaofood.com,302 Found,,True
les-petits-editeurs.com,Domain,0,les-petits-editeurs.com,,,
engageglobalagile.com,Domain,0,engageglobalagile.com,302 Found,,True
magicsync.net,Domain,0,magicsync.net,,,
kozoom.community,Domain,0,kozoom.community,,,
www.engageglobalagile.com,Domain,0,www.engageglobalagile.com,,,
lunettes-coquillage.com,Domain,0,lunettes-coquillage.com,,,
www.barf-et-attrapes.com,Domain,0,www.barf-et-attrapes.com,,,
www.investissezresponsable.com,Domain,0,www.investissezresponsable.com,,,
www.lunettes-coquillage.com,Domain,0,www.lunettes-coquillage.com,,,
investissezresponsable.com,Domain,0,investissezresponsable.com,,,
www.raslesmasques.com,Domain,0,www.raslesmasques.com,,,
everycakeyoubake.com,Domain,0,everycakeyoubake.com,302 Found,,True
www.coupon7sry.com,Domain,0,www.coupon7sry.com,,,
charmingcheek.com,Domain,0,charmingcheek.com,"Charming Cheek – Welcome to the beginning of Charming Cheek. This tiny little endeavor will feature handcrafted, useful items and accessories. Sometimes sweet, sometimes sassy, always delightful.;301 Moved Permanently",,True
www.charmingcheek.com,Domain,0,www.charmingcheek.com,,,
www.plantawakening.com,Domain,0,www.plantawakening.com,,,
www.pacreativemodas.com,Domain,0,www.pacreativemodas.com,,,
plantawakening.com,Domain,0,plantawakening.com,,,
pacreativemodas.com,Domain,0,pacreativemodas.com,,,
www.triplemhomebuilders.com,Domain,0,www.triplemhomebuilders.com,,,
fibercablex.com,Domain,0,fibercablex.com,;301 Moved Permanently,,True
www.joshmulhall.com,Domain,0,www.joshmulhall.com,,,
localislandliving.com,Domain,0,localislandliving.com,,,
www.bloomingartistfarm.com,Domain,0,www.bloomingartistfarm.com,,,
www.zeizacorp.com,Domain,0,www.zeizacorp.com,,,
www.localislandliving.com,Domain,0,www.localislandliving.com,,,
tidohbrandservice.com,Domain,0,tidohbrandservice.com,,,
www.tidohbrandservice.com,Domain,0,www.tidohbrandservice.com,,,
wawichic.com,Domain,0,wawichic.com,,,
rubysstudios.com,Domain,0,rubysstudios.com,,,
guyardomediagroup.com,Domain,0,guyardomediagroup.com,Guyardo Media Group Advertising Marketing Branding;,,True
www.wawichic.com,Domain,0,www.wawichic.com,,,
mocontainers.com,Domain,0,mocontainers.com,,,
www.bankprairie.com,Domain,0,www.bankprairie.com,,,
bankprairie.com,Domain,0,bankprairie.com,,,True
elizabethmaringconsulting.com,Domain,0,elizabethmaringconsulting.com,None,,True
maiorisrentals.com,Domain,0,maiorisrentals.com,,,
www.pagteam.com,Domain,0,www.pagteam.com,,,
vertcos.biz,Domain,0,vertcos.biz,,,
www.vertcos.biz,Domain,0,www.vertcos.biz,,,
www.iman067.com,Domain,0,www.iman067.com,,,
patdeen22.com,Domain,0,patdeen22.com,,,
roederbutcherblock.com,Domain,0,roederbutcherblock.com,,,
www.rouenwatches.com,Domain,0,www.rouenwatches.com,,,
rouenwatches.com,Domain,0,rouenwatches.com,,,
ilightpakistan.com,Domain,0,ilightpakistan.com,,,
www.roederbutcherblock.com,Domain,0,www.roederbutcherblock.com,,,
www.renophotowalks.com,Domain,0,www.renophotowalks.com,,,
activedq.com,Domain,0,activedq.com,None,,True
renophotowalks.com,Domain,0,renophotowalks.com,,,
www.opulentgifting.com,Domain,0,www.opulentgifting.com,,,
tweenmerch.com,Domain,0,tweenmerch.com,,,
on-reste-en-forme.com,Domain,0,on-reste-en-forme.com,,,
www.zenitude-forme.com,Domain,0,www.zenitude-forme.com,,,
sukupuk.com,Domain,0,sukupuk.com,,,
www.sukupuk.com,Domain,0,www.sukupuk.com,,,
AS35393,ASN,0,AS35393,,,
makeupasap.com,Domain,0,makeupasap.com,,,
www.makeupasap.com,Domain,0,www.makeupasap.com,,,
79ner.com,Domain,0,79ner.com,,,True
89ner.com,Domain,0,89ner.com,;,,True
www.79ner.com,Domain,0,www.79ner.com,,,
exeterphotographer.com,Domain,0,exeterphotographer.com_域名出售,;exeterphotographer.com - 这个网站可出售。 - 最佳的exeterphotographer 来源和相关信息。,域名出售,True
www.89ner.com,Domain,0,www.89ner.com,,,
www.yourspanishlanguagecenter.com,Domain,0,www.yourspanishlanguagecenter.com,,,
www.40acresandamule.club,Domain,0,www.40acresandamule.club,,,
bitcoinhonest.com,Domain,0,bitcoinhonest.com,;,,True
floraroad.com,Domain,0,floraroad.com,;,,True
40acresandamule.club,Domain,0,40acresandamule.club,;,,True
www.xn--cologies-90a.com,Domain,0,www.xn--cologies-90a.com,,,
www.floraroad.com,Domain,0,www.floraroad.com,,,
www.613.world,Domain,0,www.613.world,,,
www.storekeeper.top,Domain,0,www.storekeeper.top,,,
613.world,Domain,0,613.world,,,True
imakecoins.com,Domain,0,imakecoins.com,,,
prestigeautoexchange.com,Domain,0,prestigeautoexchange.com,,,
allround.info,Domain,0,allround.info,;,,True
jsjsyny.com,Domain,0,jsjsyny.com,,,
www.jsdccd.com,Domain,0,www.jsdccd.com,,,
sjafs.com,Domain,0,sjafs.com,,,
www.sqzysz.com,Domain,0,www.sqzysz.com,,,
www.zjhdty.top,Domain,0,www.zjhdty.top,,,
xzlczs.com,Domain,0,xzlczs.com,,,
jdtyn.top,Domain,0,jdtyn.top,,,
boltzj.com,Domain,0,boltzj.com,湛江博尔特假肢矫形器有限公司,,True
xzrhks.com,Domain,0,xzrhks.com,,,
www.xzrhks.com,Domain,0,www.xzrhks.com,,,
yt668.top,Domain,0,yt668.top,,,
www.jsrsykj.com,Domain,0,www.jsrsykj.com,,,
www.zj-hytf.com,Domain,0,www.zj-hytf.com,,,
yazhijie.top,Domain,0,yazhijie.top,,,
www.niunanlaile.com,Domain,0,www.niunanlaile.com,,,
www.dexinmuffler.com,Domain,0,www.dexinmuffler.com,,,
dexinmuffler.com,Domain,0,dexinmuffler.com,,,True
www.zslhhr.com,Domain,0,www.zslhhr.com,,,
zslhhr.com,Domain,0,zslhhr.com,,,
www.hfcdjf.com,Domain,0,www.hfcdjf.com,,,
nordicsportstechcapital.com,Domain,0,nordicsportstechcapital.com,,,
www.nordicsportstechcapital.com,Domain,0,www.nordicsportstechcapital.com,,,
larsens.site,Domain,0,larsens.site,,,
www.larsens.site,Domain,0,www.larsens.site,,,
collegeeducationtips.com,Domain,0,collegeeducationtips.com,College Education tips - Upcomming;301 Moved Permanently,,True
theembeddeddeveloper.com,Domain,0,theembeddeddeveloper.com,,,
www.theembeddeddeveloper.com,Domain,0,www.theembeddeddeveloper.com,,,
tmvp2020.com,Domain,0,tmvp2020.com,,,
nordicitpartner.com,Domain,0,nordicitpartner.com,,,
www.nordicitpartner.com,Domain,0,www.nordicitpartner.com,,,
www.fjordklinikkenithy.dk,Domain,0,www.fjordklinikkenithy.dk,,,
microartgroup.com,Domain,0,microartgroup.com,,,
www.microartgroup.com,Domain,0,www.microartgroup.com,,,
www.jakobsenstudio.com,Domain,0,www.jakobsenstudio.com,,,
jakobsenstudio.com,Domain,0,jakobsenstudio.com,,,
farawayfromfiji.com,Domain,0,farawayfromfiji.com,Travel with me;Travel with me,,True
www.farawayfromfiji.com,Domain,0,www.farawayfromfiji.com,,,
varounwrapping.com,Domain,0,varounwrapping.com,,,
www.varounwrapping.com,Domain,0,www.varounwrapping.com,,,
www.wekoagro.com,Domain,0,www.wekoagro.com,,,
www.prestafunding.com,Domain,0,www.prestafunding.com,,,
prestafunding.com,Domain,0,prestafunding.com,,,
www.hollanderdis.com,Domain,0,www.hollanderdis.com,,,
hollanderdis.com,Domain,0,hollanderdis.com,302 Found,,True
popglossbyniya.com,Domain,0,popglossbyniya.com,,,
www.popglossbyniya.com,Domain,0,www.popglossbyniya.com,,,
www.tour772.com,Domain,0,www.tour772.com,,,
tour772.com,Domain,0,tour772.com,,,
diepimmels.com,Domain,0,diepimmels.com,,,True
www.tourtreasurecoast.com,Domain,0,www.tourtreasurecoast.com,,,
tourtreasurecoast.com,Domain,0,tourtreasurecoast.com,,,
www.jaguarbedford.com,Domain,0,www.jaguarbedford.com,,,
jaguarbedford.com,Domain,0,jaguarbedford.com,,,
www.charityvscharity.com,Domain,0,www.charityvscharity.com,,,
charityvscharity.com,Domain,0,charityvscharity.com,404 Not Found,,True
772tour.com,Domain,0,772tour.com,,,True
www.ihaveajet.com,Domain,0,www.ihaveajet.com,,,
jaguarnh.com,Domain,0,jaguarnh.com,,,
www.jaguarnh.com,Domain,0,www.jaguarnh.com,,,
ihaveajet.com,Domain,0,ihaveajet.com,,,True
www.sv684.com,Domain,0,www.sv684.com,,,
www.vp522.com,Domain,0,www.vp522.com,,,
www.gf296.com,Domain,0,www.gf296.com,,,
www.lz089.com,Domain,0,www.lz089.com,,,
www.rz541.com,Domain,0,www.rz541.com,,,
www.nf457.com,Domain,0,www.nf457.com,,,
www.suffolkbarnco.com,Domain,0,www.suffolkbarnco.com,,,
www.vetafit.com,Domain,0,www.vetafit.com,,,
robertavinci.com,Domain,0,robertavinci.com,,,
www.tedfrench.com,Domain,0,www.tedfrench.com,,,
www.yuurraa.com,Domain,0,www.yuurraa.com,,,
tedfrench.com,Domain,0,tedfrench.com,,,
sensationalliquidmatte.com,Domain,0,sensationalliquidmatte.com,,,
1858ipa.com,Domain,0,1858ipa.com,;;;,,True
www.qwyeuro.com,Domain,0,www.qwyeuro.com,,,
sanantoniocrane.com,Domain,0,sanantoniocrane.com,,,
www.remotelyxr.com,Domain,0,www.remotelyxr.com,,,
qwyeuro.com,Domain,0,qwyeuro.com,,,
adventurefy.com,Domain,0,adventurefy.com,;;域名adventurefy.com待售;,,True
www.1858ipa.com,Domain,0,www.1858ipa.com,,,
nukavi.com,Domain,0,nukavi.com,,,
universityadvantage.com,Domain,0,universityadvantage.com,,,
alwafore.com,Domain,0,alwafore.com,;;;,,True
www.tabedzki.com,Domain,0,www.tabedzki.com,,,
www.bovent.com,Domain,0,www.bovent.com,,,
www.sanantoniocrane.com,Domain,0,www.sanantoniocrane.com,,,
AS136970,ASN,0,AS136970,,,
www.3021s.com,Domain,0,www.3021s.com,,,
www.wn437.com,Domain,0,www.wn437.com,,,
